Hours_Studied_Per_Week,Class_Attendance_Percentage,Assignments_Completed,Midterm_Exam_Score,Participation_in_Group_Study,Previous_Exam_Average_Score,Final_Exam_Score
15.607064635047138,59.25664644193098,16,40.531797106808135,No,86.89754736987962,37.77480140772395
38.07785794998673,77.0950473689179,11,99.8692513409187,No,68.0237252570777,66.95145832328419
29.5477637306448,93.64729179382041,7,80.60927793144373,No,83.56354126145663,65.94705269855443
24.347680883684426,86.61124432047805,11,89.70815796694703,No,63.53219709908828,50.569050492434656
7.084726977255024,90.32805739307248,16,57.67716378077159,No,54.06148174033363,56.95026449131464
7.0837862931119036,82.93916833553587,18,40.858916660023596,Yes,99.62908977438818,52.3031796319618
3.265260874559779,84.61382822589263,12,84.2721711136918,No,57.81007539652997,47.33971799925312
34.78086968522247,92.45978257826596,14,90.04867582004054,Yes,99.42104969817404,64.09077407911501
24.443485457985144,62.483400442959294,10,84.42856791721115,No,98.86399662832235,57.03233563137407
28.614830534045772,74.47124818215703,19,48.57101723805032,No,89.69090519540198,52.90408913248766
1.8027952775362954,61.06047209098011,14,85.20567533541814,No,82.97114810409988,46.155854358618306
38.82648423431778,99.38340039983234,13,86.13536692645846,Yes,78.89035251255423,71.41960943119437
33.46526299121645,97.20296698433066,17,79.5124309402033,No,93.30507726889174,70.31119415324524
9.28122531645277,51.9713405684253,10,85.96695596773517,No,64.4719760809744,50.181009595712204
8.091173721076924,85.27875862578442,16,90.75528638066393,No,73.38406062424386,57.1500764403665
8.152775884283919,96.26241587078329,13,76.81624685424751,No,80.9694984683251,50.35175683808086
12.865447475421972,59.02876725636668,17,45.31628283818074,Yes,70.55952379347455,45.786832377624656
21.465500833657277,78.39726152763147,8,69.25766858003266,No,71.3743227045134,61.297417595651666
17.845855727042515,95.77441487940209,12,44.6589600802963,Yes,66.51423337510423,67.21416578076774
12.357936467723635,51.69729892928994,15,64.45258186194584,No,78.2115908342268,35.546569555490294
24.8622628941728,84.871013362342,8,64.42638934753765,Yes,92.5287264007558,58.7587697417062
6.440260565429631,64.86745036862754,6,43.960590648414495,Yes,60.076418900315645,26.42560584052964
12.393641292873507,96.21980976882652,14,60.92923203816876,No,96.72165193767208,58.44715683109436
15.288111888453976,98.55291225826838,15,46.65988592747889,No,84.45438268741148,50.71753239626517
18.7867293844644,97.2133244556717,13,88.49411260055334,Yes,91.1636606340015,73.11110664812286
31.62186249432753,73.71071083287319,9,96.86128155786824,No,77.80953463150058,58.042093172223765
8.787277504176028,93.10213254946567,8,44.338988515476316,No,88.97583507120316,40.76501678688938
21.055143098130852,92.22746992675351,6,97.30691243750209,No,50.81001986697336,58.276363987963556
24.104168185619656,65.95502366216279,5,71.3545959602047,Yes,90.91902123897677,42.91355683274963
2.811566096079911,91.44577370753387,15,57.973940677232434,No,52.006942954268325,49.109338254102
24.694249224156096,51.85038173577463,11,44.61172451656981,No,94.49566881814312,33.4793107642415
7.650440823804369,79.81349392410266,10,70.03745608422507,No,99.59813736193217,51.11381736570657
3.537012126425901,61.50044186438515,19,87.67093266944492,Yes,64.70337310883889,33.480402155377796
38.00653595287999,56.02834428886394,19,82.42518863600189,No,60.51592781428968,52.94625915375731
38.65964928990782,53.84766008146046,6,43.01356068783843,Yes,88.26816819290204,57.26457747628182
32.527496576541985,84.81443879390699,12,44.374110122074214,No,62.651317046012664,55.39852345498398
12.879936997761456,66.9937481884033,15,64.17239695795823,Yes,93.27811915861017,43.09492253825356
4.809212446248971,86.23833857643808,8,57.717429642876596,No,55.142129607873834,44.69686799609829
27.685088033974118,53.26781703994712,12,53.94305938336287,No,56.29775981896791,43.562852544365384
18.16594725584445,65.76451689153052,19,56.86026993452282,Yes,98.95757775503077,50.626697461421614
5.759491158946374,76.97456461876686,11,88.20896459781308,Yes,83.69194491350024,44.57286144371711
20.31189949433954,89.53615824194819,9,95.75368321791123,Yes,92.34436122144764,66.33361640528393
2.3411523234935174,65.9376251466035,14,64.30616167165398,No,66.2164688675759,26.678669536452965
36.4634956810725,81.29456882185045,14,94.36666012794981,No,83.82418747603022,63.08009693035807
11.092419282400659,94.29888741180935,16,59.28974207487292,No,79.71209136542986,50.11442227576291
26.838369089805298,80.79315940911523,12,68.5862191806275,No,80.15750600614734,59.872924025753115
13.156731967487028,61.64797373768169,18,53.56173986895998,Yes,84.12662297688607,42.99524944316427
21.282652825934623,51.220039077826904,13,78.42856253055064,No,78.76795865645494,40.4137659561961
22.321700894387906,93.50494369504649,9,98.73886691048853,No,71.4531184651333,58.94828306579507
8.209323765495554,51.063470542519354,14,76.20958576260273,No,63.79613471902734,41.21770134111435
38.81380048281778,93.73508363420997,9,61.46884504681293,No,88.4290665456601,64.38738423799593
31.230180111083467,76.4468567013606,6,78.86904675943171,No,61.313621500159314,54.43568000856511
37.64045872100338,96.95338492564481,9,47.375240707923254,No,84.61771530772072,59.67484969089162
35.8982666666783,89.93916178868326,7,93.31954481592392,No,61.66664113246633,69.65246826550417
24.31809917363232,99.89670552666686,11,70.18503704679019,Yes,81.2665084977227,59.27144672223722
36.95309516590156,67.53559077258551,14,66.96098452237852,No,87.35391335645144,56.72904731811176
4.45120758002486,88.35941444655634,9,75.15188730721115,No,60.93569444532696,60.26193721235449
8.643331634346662,70.0965456804621,12,77.48703176736414,No,52.997165043065415,38.16500603123705
2.763864267510985,73.99378101519544,5,44.30654837359078,No,56.548687149708705,28.560644743378756
13.68788289976731,81.37527316091851,7,80.95703327340414,Yes,80.29984836355128,58.02707492321146
16.1584142978898,93.68385570931693,7,54.515900818931776,Yes,92.47232031128678,51.325719320395514
11.582612239181941,99.20417345996475,13,82.83715795039538,Yes,52.24984106177122,54.595524991205295
33.32076285692524,88.41367069322591,9,89.3520876630518,Yes,86.70756295208231,62.487798287900894
14.913379741049981,70.8883391083667,16,88.23751045315122,Yes,67.0659322975026,50.28694824547294
11.95644587780785,71.06785011385351,13,73.15005804447335,Yes,73.92641849597612,56.11827740425318
22.165147243171692,86.87911507944457,17,71.21019353864507,No,96.44297749227829,62.82677217114949
6.496044774015743,61.938857288415115,13,48.5725576803647,Yes,66.59857523679227,41.86556171531788
32.28568224940754,55.52370565656973,5,86.52076902418813,Yes,73.2668466969743,47.12108779230576
3.907475103511062,67.73110788203883,6,56.28456282680286,No,50.68412073803405,32.451878362415705
39.48859052742017,64.36194958270409,9,69.80172536907679,Yes,54.079936000241915,40.27696646219171
31.11754600256964,64.81540602279951,8,57.056445575651004,No,62.9295795567392,45.548983173258065
8.749911579832723,61.680387552495496,19,48.029701779981586,No,51.392612041053724,41.53279838971172
1.2153625678204936,52.104659481818096,14,77.77346181350418,Yes,81.56876630241254,42.413844443357576
32.80299570973853,50.89369673667069,13,43.25992208937423,No,71.31991784008113,43.06571719201896
28.567436410057066,99.38611948680158,11,84.918714047572,Yes,77.4072601364011,65.85577781462754
29.431279553598504,71.38865668679311,10,59.055207715666995,Yes,58.732359294816476,47.42895858721535
31.079543520751884,69.21633235798409,11,40.00808158026912,No,64.79660147183081,48.70178799094181
3.887741417629524,83.9823641346535,5,70.6677483542338,No,83.19122374263625,53.03186924996132
14.980163413226633,60.912694393253204,5,42.811114511656186,Yes,98.26513618151999,34.57517626669748
5.518893321480059,97.49805919751127,12,56.57017346925397,No,52.52083868011046,49.52133208889399
34.66103360914815,89.3172507207776,17,82.41858924734296,No,94.5192160427633,71.2574024684108
25.30862694627476,54.47055011561297,17,43.76137729731195,Yes,78.84406006556043,41.025795834395375
13.905022969253318,70.87903878924642,6,90.36030954136014,Yes,78.19597833778118,56.22088362712832
3.4787756611549217,93.95591537810824,16,40.22919535951499,No,75.01392676038802,59.198788848199
13.128310546910825,97.2366011145705,14,54.809432152114134,Yes,53.46970429520917,50.20944744814477
13.682149559043134,73.37007556249348,15,84.45424336912428,Yes,54.493842586808036,51.79065067489758
29.454640955184498,80.67056946053539,13,58.97620898375841,Yes,80.0456002829543,52.092543626974575
25.86474138285331,58.35169730460376,11,46.11354328396081,Yes,67.04792857177792,44.685163071502664
35.60129696047674,99.55843130684883,10,61.61403512802568,Yes,95.86340332888403,68.3185536596504
19.416382081316023,61.58358506917217,5,56.22359718307153,Yes,70.32952686797361,45.49351217804041
5.664175591593766,97.13658870675629,5,90.56271412963329,Yes,57.164072935132054,50.137120369559966
28.816546701696804,82.48233244961843,6,58.80087505510859,No,85.7359416751018,57.6368964507234
30.670616896059002,80.38683974394296,10,87.33594830656043,Yes,64.6676710720505,67.62923514371181
22.889810705210355,75.63442555082543,18,93.51232868864409,No,76.27351536779466,60.41924804441268
31.067720018227877,61.53349058588793,10,66.02904517459177,No,84.8916392752585,57.39204409086094
20.25802825821124,58.82640160027542,6,94.59658863126353,No,95.01320556010353,52.986710215567044
21.38658034589777,61.02431045350877,5,62.63908323779157,Yes,89.6095597400838,52.10019909309699
17.674099715983434,59.32191310721272,14,97.8447049894065,Yes,83.8180533936362,54.213299346884746
1.9913459430197125,88.97922367833766,9,45.35737147153438,No,83.98165911975718,40.205392038555615
5.207765652738874,67.5062629583365,9,81.22115599019457,Yes,97.29623220160433,49.90144459079023
2.225738241782636,52.89213382816982,6,69.62884242741572,No,64.7912048748268,32.204341100928275
25.820006039287435,98.45513150704056,10,63.25892832733882,Yes,50.05560470980937,54.357486629851884
13.259883261976741,94.18929424817128,13,77.96271272491606,Yes,63.59772796990993,56.45969845767816
20.83425695542341,96.38761415976064,6,82.23142549805988,No,60.8945689813372,61.271950394743875
36.39509248311763,99.74539113232177,14,40.261796179018546,No,83.0917292556999,54.897024168931644
10.722396936806122,58.69476246097437,6,50.01718532483192,No,81.68557998827646,45.33931143272317
17.00493399838956,69.81210094513294,7,82.78276303805913,Yes,79.67306913523619,55.129494795533525
30.4664944031789,87.91192378520456,17,79.98312481469239,No,50.812172160472684,56.114374897764264
9.923128454173277,84.8010309026896,11,97.96285030772063,Yes,86.43890272253238,49.958097004027685
4.002216483322927,57.69479531699275,10,85.66226741504698,Yes,66.17652062427457,41.934907838456695
12.300306663636952,90.79165624953089,16,97.04636246388029,Yes,83.25279945033157,57.662453408817456
7.287630202906172,61.22202859183304,12,82.15243009208842,No,77.82892142510767,46.060741104905944
37.25820844136035,61.19088074113115,19,57.883132518366594,No,67.13654627139536,49.73524542391851
32.51669480301226,76.84872114467068,12,46.32189533505139,No,56.72881335520539,40.961270363411884
25.702746503906514,79.64699674208515,10,86.90943180069613,Yes,54.720944883024046,55.08744378112399
34.98696301732099,79.00431039189056,16,78.64895328855496,Yes,91.57591665561118,61.05536509242611
32.34321099906546,54.574341869887746,15,42.89116074359777,No,95.9198771040779,50.64811194359015
8.276232296555397,93.87304313151901,14,61.6030279540587,Yes,82.48940233821497,48.55095330965585
35.80980094110913,63.2800021294353,7,97.40798892905717,Yes,55.17170574302417,66.70006274225092
22.034347434710376,56.47574606414021,7,70.02406874261207,No,70.10136084441203,37.213209872831044
32.49016605139844,94.43740399344887,19,65.96374816118228,No,86.44696000525786,69.7205707403694
35.947560697016236,97.78257491148767,5,67.46197630955764,No,88.99104420050341,64.98370157982414
13.402135523902691,93.10638086327253,11,52.53296344030982,Yes,55.91093111455443,53.68837862977803
5.292025056579393,90.4758037362439,9,62.122430251887714,Yes,50.00153594226912,47.083198208403054
9.889471339135726,82.7620990319511,8,62.188795359230596,Yes,85.60685229403025,55.48064022661611
17.657203756423996,77.54286853045696,14,43.14130121124835,Yes,67.82980879931029,43.800173361123335
32.90257587097723,54.34933799557051,19,86.0540577110751,Yes,62.72406658091301,47.455947821479306
34.56849274699739,70.42266065353493,8,64.99026591423274,No,50.644873489476275,60.11925726300893
1.2711330907164373,68.6344258506157,18,89.3307932089854,Yes,77.01497033807499,46.099033437665156
20.919144800525064,62.98768918801631,8,91.02088006719373,Yes,92.55753677129908,55.83168673530463
17.27902912280238,86.17100568442925,10,52.71964328191949,Yes,97.8815823136294,59.26875981242054
9.66220460835848,74.79378675393855,19,79.44120893020772,No,78.28724753066446,44.86020819816078
5.67474932601363,54.0523107953824,12,68.3369082497789,No,75.7230663869947,42.70273574587171
14.16699168474149,61.009160097490565,12,92.8094042752891,No,54.252819274462055,45.007233703333334
37.77347845258825,84.16293818297979,9,52.94444075058725,Yes,77.44364007712998,58.030678215537826
13.604914348809453,53.80654297451501,19,80.66879201860266,No,68.99895394826973,44.97897725734723
21.232834247991278,92.56034570243844,10,76.46512733516334,No,80.35676404417885,52.08882997414392
28.417739396911937,74.75732635069872,8,57.718088654309966,No,69.43631739382734,48.38735792011695
15.181554492792465,74.0293288663324,16,48.196054219070355,Yes,62.01495617251834,50.877491380148314
38.899501226117465,79.62038923297588,18,79.09838562863659,No,54.748263761418826,65.17137670513293
38.53544450274234,91.23404829625746,15,84.31584748793983,Yes,65.74592222944479,65.90895612387044
10.819509537189202,67.39046039510966,17,58.937640625800995,Yes,54.832241714387614,43.03131152257201
20.392691729803033,83.90080762795318,13,78.68995624133882,No,58.8448475411992,53.47858245451257
12.734254082854017,78.28659819978955,12,63.7078544566902,Yes,99.3668079289773,58.04084970645415
12.108779280721237,63.35141350847107,14,82.79241299695707,No,72.20517784533092,46.626173259783506
2.4385909468267792,93.9314993177579,16,51.95291649364319,Yes,76.59358832525083,48.364038765986045
24.773009025215977,89.8713010803464,14,93.41290015817046,No,93.68092643686077,70.65141733022081
20.6044819059256,82.92259173292128,5,57.244575787934785,No,99.77844502453439,50.65847251805749
3.007671298749585,92.52908645471209,19,62.06715926536917,No,79.13572246723407,57.08274447819517
11.867212105227846,93.36471004799012,6,43.48551712482099,Yes,90.62369105220859,42.86346333795635
36.42236955269949,85.41814883575174,13,46.690732739276584,No,66.34705121683376,64.315454796908
10.342913736011925,91.85066641818361,12,70.95171416273969,Yes,65.28719787236456,50.54805011988437
6.650900011557701,84.87357308346418,18,56.05556060367829,No,70.135186049728,45.133568916244386
20.088657650824956,84.00703858801502,7,90.12881354453165,Yes,83.62536313368246,50.17582280309435
39.440367710313424,80.93056891075922,12,40.88160331929723,Yes,84.10958446275494,54.36862328059961
10.440155588948516,87.63583197788206,16,62.74564292031617,No,65.76197173247255,44.393104931120085
27.213286348829264,57.93025526465368,5,60.24073280614556,No,56.66049620683143,42.940355573972695
30.703164997819986,94.04353795994642,14,41.15965785505606,No,81.61981282327542,56.20168541150629
10.267864215703588,93.5921763872616,8,47.462103940030616,No,56.41629310943823,52.10780677377439
29.400437595862524,51.462364151727954,7,64.81856049511812,No,78.92462541146651,49.093075681036794
15.343542176050876,91.29083752823814,10,69.5718750668468,Yes,84.67110640281544,57.444537049548266
25.659927393149598,56.44349337367226,11,64.25738483529214,No,85.03057481972257,43.07395647416439
25.707658719674892,66.7559427129571,8,71.85626070472563,No,87.67360553297983,49.04468854798654
21.89521267891558,87.1754128145804,11,75.70790049434089,Yes,93.64297107828322,68.41021121439341
4.521301032121924,58.03799480241541,13,40.59542926767014,No,74.99794959823942,31.162794493115133
33.57679732798028,90.8983512059531,15,67.84570956721024,No,86.51245947647857,71.20165341435442
13.510422533897698,91.6067088978871,6,97.8099544532553,Yes,80.95863676829184,59.32873025600112
8.274221905594315,75.37338668804182,15,71.14193680777292,No,59.33199698988413,46.094731509910794
2.5902305206357927,50.31929358584168,7,80.65253604753718,No,51.28448224347041,42.742661519010944
24.04482478434143,64.35190665874563,9,58.71183147501299,No,64.22706928384669,53.44803724444081
27.425010111849016,80.84634591878711,7,86.43948268916574,Yes,72.15168531688097,59.17291008850155
1.64692532818639,99.05930890137117,15,86.3752889125669,No,80.8552972214328,53.795935038734875
20.971629273671958,81.59067635083342,12,71.27776285924834,Yes,92.49796652516027,56.09160159647344
9.83333523271958,62.99017905320799,16,98.56082939675281,No,59.81228583530828,50.213569913092215
26.161738825968545,81.70028515498056,14,47.533012885759206,Yes,56.277489494923856,54.56565103787459
7.800290731194666,76.99926898579278,12,41.01685989337486,No,98.17399737371638,44.26181799923307
27.946571785996174,88.99226975755718,12,86.20949270542576,Yes,55.402227968820355,63.75286246974858
16.08267850572096,55.34903194134792,16,88.42933224189295,Yes,73.92455350535946,56.307901444962
37.53246956073264,88.05139512510141,16,47.21243374723458,Yes,79.27818643966509,60.705259816560826
6.363316821693736,77.06332893380551,13,55.93496997751636,Yes,77.06872104537192,46.1164557888835
14.301587690960082,98.14960019294973,8,41.05314180199773,Yes,54.30160785164716,41.21175015438288
5.4254673283829735,67.0936083019343,9,57.598516646833886,Yes,52.85134570018097,25.94945663717303
37.063051112863945,81.6310946566974,9,86.38851243512029,No,55.274171373051786,64.06154711263488
35.21623478185826,96.60140527550087,12,71.07763166275474,No,79.27938419363062,64.73625909090322
11.05972348089107,55.12548639953396,11,60.88573559009728,Yes,77.21724438171606,38.28649349383397
26.73937779533298,96.86142436182256,13,62.30435769437982,Yes,61.68703960183721,59.601404946671366
32.87166580784742,84.39428611504067,19,40.08121754292809,Yes,81.88870709227957,54.3700477294802
22.65283165237903,53.39185295525859,19,57.98803165391415,Yes,91.00337510278247,51.415533641759765
21.656372555884253,65.04817834734081,18,78.78752449827583,No,52.07894799232969,49.572956566738966
10.432239345117615,85.40860443226407,12,98.45166662898143,Yes,74.90649717740212,53.24184368591193
4.631007944430069,53.36753007343859,6,90.82364961903397,No,84.46552060513451,49.424775378920295
35.99141456017974,79.10852300881366,14,41.41569787873175,No,62.61559635348436,51.588166563079774
36.11630422936989,67.29415284764784,16,93.91363628049035,Yes,65.38854526465745,62.58903274696766
25.69095683365745,81.04577588837385,8,86.99190479791756,Yes,80.6818951494692,57.66963244354157
14.222161850899326,52.28710169062564,10,86.82256741425883,No,94.89676467218685,44.98005077013069
14.619173409893774,93.57684030761882,16,67.47974554021428,No,90.49622101514497,56.88713381672899
29.312271475939337,98.67444845886985,6,63.88031757727017,Yes,79.15651095497918,62.083100956707064
35.98730013815051,98.44389276428458,11,58.174943729991554,Yes,86.51108588786246,66.6133203961643
35.59637054633957,87.48259158714623,7,43.941691537261946,Yes,68.24112351038994,54.75254758662238
31.415146288447332,56.5043120065316,17,53.69412180962195,No,82.0482764049379,39.279205200904606
26.039234200017223,87.91315979645113,7,54.79621809868148,No,73.30907955637785,52.91592377637436
4.281458634806905,51.229345822940076,15,69.0446241826121,Yes,59.49680682287804,40.80908505533409
7.303519849689937,51.106177576449866,6,84.84666439580164,No,85.08691369386287,42.24440506514201
36.04361335255609,66.18051095747705,15,68.4285897038768,No,77.82323186744111,54.507722743212284
24.65073332672401,74.43215952023328,12,43.47066696682964,Yes,67.93107909767957,52.60906501942317
1.3586850130485564,88.52037089038966,10,97.46738805929223,Yes,95.56695950393154,52.589892698293305
4.957390171775252,84.16476883032526,5,96.56345914564673,No,51.046705891336664,43.9357330448562
26.876568995214175,72.29513531883742,16,87.1113725889045,No,65.7886575624748,55.637152870137804
1.1974017700025288,63.68133331408329,5,99.47967409385323,Yes,52.84406988888233,42.3428327536412
7.271514005282447,99.85622500788556,11,72.66893996801578,Yes,88.32636581108136,51.40066608042367
22.40061778529686,71.30906511179865,12,97.76610101519236,Yes,85.10537270568963,57.53983184177232
27.983912710015037,72.56935121648377,9,44.53630243700505,Yes,66.56761093681585,50.98592026626766
26.42648912060142,58.181191059583455,16,61.940844895682275,Yes,83.78314511035364,48.74499364844834
9.746503068961832,89.74047743749647,15,53.52287608040595,No,69.79686130979749,50.0399111693258
28.774989632553897,84.68411128907442,9,51.7499850480562,No,87.81268957112172,65.11353369904442
10.252714412375203,61.03848063943802,8,48.44817693356056,No,72.7091831368353,37.65878934938931
13.69058822821144,54.11905228079213,18,77.34481849395979,No,70.61398639158328,45.634056486695854
30.11316479960294,84.02496510373565,10,86.8793113448383,Yes,96.73649577441505,61.75620048437537
26.335683062841373,82.72556071405677,18,74.69790396522164,Yes,62.543954994535014,52.31411913241654
34.11971300927294,63.662976349910466,10,48.817762575292576,Yes,56.02236699982827,45.188029056634804
26.64690279971339,97.54317811252051,7,88.66742619600825,No,79.2271556629729,63.184122501532
23.164035530083392,57.55289458904501,13,78.15728242982371,No,98.46609061420895,53.80692712386812
4.653315945295606,71.6167400521301,16,63.28994236761973,No,68.89196068635934,54.63891186942094
15.340916319317907,97.18079600837994,15,80.44781773216377,Yes,53.10183818143908,53.1101355134386
11.342892339587292,70.98636584630611,18,55.59429875456997,No,66.96526336547836,41.565326249111266
10.515596091784259,81.92629738320429,11,60.71153250965263,Yes,75.29658271597792,48.140477359647065
38.947411635345375,69.87971989813971,5,95.04915058791941,Yes,58.09615033161069,63.34132001787375
16.330811262003657,63.7107601174335,19,57.43027034028522,Yes,82.9051109028246,46.73987175814495
35.78981565190742,99.19888239799141,17,68.19929608947619,Yes,99.88746945051003,74.12467611284721
25.614406413893253,70.46670031575215,11,93.40846824376088,Yes,72.58697379907218,45.194203336266305
31.997640838124287,94.70496018395673,9,82.46328101605164,Yes,67.73642783651063,52.54219402631978
20.60284663110249,61.49773029455431,9,43.73219356988216,No,70.03520834172333,39.961026428905306
23.499251500428006,60.655235201254165,18,48.83818265673822,Yes,55.75730891976006,48.42613952158965
20.208190058935692,51.55670414422557,17,40.470495446315006,Yes,94.16368007131119,33.23251420520809
8.614476524123734,82.58334126879424,6,77.85530741374981,No,70.7412827760676,35.82782105217571
29.17563249519871,68.42631718618806,8,66.8604055246251,Yes,69.36372057124207,55.36249834708117
11.950122135193375,93.21791249198185,16,48.05649105413653,No,82.98451364652371,51.87345829566516
1.9483226908266997,73.66049533457786,10,97.47604726340623,No,72.10167104655618,44.131812200043754
26.173419540379545,98.40967139573608,14,71.7795834367372,No,82.41167344039229,57.66165526265466
7.907316496874909,59.27627578515606,19,54.51359764677335,Yes,53.07231450653938,32.30704171613202
37.67788478976366,93.43115839778054,15,70.03621426928245,Yes,90.68616718611136,66.72903759507695
38.20321450310091,88.82984263958708,11,80.77721996410646,No,97.02519764397013,64.65662596941975
36.67971121859749,88.5460922322026,15,44.57435307841387,Yes,82.4382693079693,60.864729298457085
15.436189309962332,92.23916140584438,9,56.482228902873516,Yes,97.72829644294055,40.64236625608505
1.6028080446258297,88.05119954714993,13,88.41792945303962,No,57.571615718498165,46.21297121881406
37.20442394092129,81.31101608157077,7,67.57989222415968,No,73.87080947401768,54.5478639885182
17.69918178437526,56.56224388411938,5,72.7946285219377,Yes,80.09033669727236,45.33460186123824
38.69953794270311,51.6263089745626,8,65.96896013256816,No,79.08683237105933,49.3799443406189
38.58117910648086,96.04239239078434,13,42.63399655858031,No,70.07308895445216,63.768516466467766
34.26736876322704,80.8325157260369,8,49.94498678920935,No,66.90422046831307,45.33943776947477
12.483506790713841,89.82686454880881,6,66.73249832451346,Yes,56.34120112752094,51.14953924023672
16.018811415475085,74.0761175756275,14,52.551127924475665,Yes,69.58712252811391,48.890979792643336
34.19433018915742,55.86540944811972,18,42.99874171958072,Yes,58.13304075527426,54.133644512352234
13.359958201094829,56.259289610127524,18,90.61897984310943,No,86.71828382461092,46.6085646590918
7.610217120757607,84.27826436144858,9,98.87155174984696,Yes,60.4415467747295,55.76832420594255
22.715249235875657,71.51529474497313,7,87.58857243980437,No,52.928265264226695,44.33191516941392
37.510036192270455,60.02623633501683,17,91.22709530228002,Yes,77.61830689086172,47.05935410539029
28.14516207032395,74.57972733707184,16,54.518627819022726,Yes,79.76148663597007,56.73572913556118
23.232385633485233,53.21044685375671,17,97.63761853079198,No,93.59565306402527,54.11537585384168
4.789883257059973,79.09857009571994,13,51.8155422672057,Yes,78.8490806208841,49.78610429606163
24.98528184126762,63.449670221754886,8,97.08578862170994,No,67.2740426861723,48.30656135114398
39.61210015406627,89.87795503185941,10,99.68915763795707,Yes,90.15059407631603,74.36062820405111
6.463276594224437,65.51809794617868,6,82.70336834476292,Yes,77.01394465937105,55.82689735915234
21.214856442185734,72.76100745409006,10,98.86862390750932,No,53.96401423155959,57.58289905954547
35.21754980519026,50.58102699540503,7,74.17238677402622,No,78.29252801566233,53.30796570502434
29.889976092413974,53.62234438972794,16,55.57250699056542,No,95.40092727108312,48.740068283227124
28.18361389881545,69.62467782033424,16,66.21975313993725,Yes,69.81563127491103,44.53195537547545
28.396879275497263,73.99694173585618,13,75.61365612272715,Yes,64.81629009499001,61.940059143551935
15.020154897570452,80.00102740596519,15,44.3848937216209,Yes,57.173472850901,41.54840801120668
12.45008192631524,64.58312893546517,6,77.34059587703476,No,57.572276096767865,48.102734518164475
32.56508506366203,84.74909430632712,19,98.87067020573767,No,71.63857421709095,57.573582247363305
32.59442239248805,93.00611985946023,16,51.406458987023655,No,79.78399120807647,53.301997510506766
34.81582042462404,88.99254944466749,16,87.555706977303,Yes,54.03077025848009,70.71374842066965
36.61638154970238,51.980941267417855,13,94.47392762677717,Yes,96.97842945125828,57.09695202579836
20.942353555576574,74.02534736289145,9,96.62209556921326,No,87.75668087225979,65.95101021237942
20.559135492800785,55.246508920908745,12,97.60813626432683,Yes,79.33119591418313,51.86120042238403
32.13351197970423,62.10225079312637,6,71.28757832328832,No,91.42193354694953,45.674300184382936
26.34859330033284,99.33312966335733,10,98.63847447949021,Yes,54.00933784060567,69.92834289775755
28.37670821305043,57.12477714507566,7,85.43861242806634,Yes,73.84194388665622,50.010571714243724
32.035914108007944,74.9444076725678,16,49.700286174217716,No,81.50465634308317,56.881654881710595
35.71020833088509,80.90778671590596,16,68.6140063880782,Yes,91.43264530591446,61.54853949303332
14.181811117209897,85.12324852720519,18,83.09987052232023,Yes,89.17347800246338,49.03142977004154
15.647735152957816,77.98243417434571,14,54.840418949145004,No,63.85346248566998,47.82872817873569
4.6652956537938906,50.48854237095918,9,78.43691101293325,No,97.0440084779602,53.38557973395198
23.552925498850787,66.3230654121996,16,79.99602874279715,Yes,56.21729207154352,53.403957071486275
2.4017486780729413,75.88558216923558,12,49.76198462851396,No,93.75668093105762,42.76685037578108
19.158322707165947,54.39332495724167,14,73.90511874716537,Yes,98.54701248023093,53.993768577279525
22.16314075359549,67.53134656045904,18,86.29761465871647,No,58.85767616113128,53.323293143447884
12.175108833003092,51.66015543956833,5,69.93373987215651,Yes,86.10330321018927,44.012839611835936
24.04249716219142,53.928924857751035,9,40.72618700656645,Yes,52.01427593889992,33.68421545660964
2.1895097476229277,69.8461638100798,7,40.54230814475753,No,70.27114125695775,38.134468925668386
2.4565793612193625,56.63578770215302,8,61.42176063820073,Yes,75.8141649598837,43.01635376084689
33.081421865726675,78.3770424130779,6,95.57164410590693,Yes,79.0322612954817,59.58292566044348
15.047435015039254,84.47324845686329,13,53.72060677621653,No,96.79686241242797,58.90723524579553
5.955359993423507,90.02933495545415,7,78.06182133230124,No,83.61253436470973,52.90603206621124
21.36748714213737,60.007512212240506,19,53.324552241599235,Yes,74.06389756096185,40.18170116725043
31.029748570845822,58.37412911295349,6,59.300199379572916,No,90.48375181329448,55.82071360406963
9.417020072376884,55.228392016720015,14,90.88252537608903,No,97.52664104772045,46.830523635265266
25.29272855694101,81.82151247718184,15,83.7316865361968,Yes,51.10330743411454,60.31778765401231
4.328551134756951,85.32378632434506,13,45.723956638792636,Yes,99.12606361280194,44.927160878952336
3.0155871255757,51.5793072412821,11,65.72212125918603,No,54.306606953184016,34.955981252121
21.722830631157773,96.81061231218449,10,41.75018581871587,No,90.71933896343808,57.62208802787689
22.084769742794155,52.59856418257362,5,68.85340879618053,No,64.01673762757062,46.24031796183294
25.859766158430055,77.06481676505352,9,79.74604070206408,Yes,56.608982887693585,45.095799019811565
29.3175620151838,85.45302597254582,16,47.11015741588909,Yes,71.99278198569175,48.3780235791123
39.05823109903885,93.54845618730428,15,57.333096334549936,Yes,82.19782897238068,68.02128138390896
21.135713583746618,85.70434660662139,18,63.87019753012942,Yes,69.04759225117375,53.183705202120585
13.595302444708592,90.08640415348958,19,95.17186147936299,Yes,52.72827041413495,54.15258504735929
32.01226159597944,66.97250962714031,15,99.59530092537784,Yes,79.97305698293583,54.02015333361565
11.562457799220894,90.7412556873256,7,42.69467793973695,Yes,95.12016380553374,44.499630188007565
18.11988540751981,54.00574231923376,5,85.66047540972352,No,69.16076829736258,37.38885557064928
4.059798872348372,94.74083280302638,8,62.30344398414059,No,60.81663888154135,48.08211848132185
1.9886789932028428,77.37961880768681,17,63.547491173768805,Yes,72.12886729664078,40.93955430109978
38.54328817243908,90.86488849812469,6,85.25589840082137,Yes,52.41813555243904,60.136835598894635
33.603224699976025,72.615914225915,6,95.10558592872451,Yes,91.02437922401374,63.00900213007143
28.142994037654223,82.17888475982625,7,97.0557156701529,No,91.31704054750934,66.27356338605478
16.949164832156526,76.32013304680567,12,74.62735516229924,Yes,79.40002317148142,63.00716885756202
7.758478482762985,86.5794760877666,12,61.42726955803017,No,67.65514444691948,40.56878547791709
7.101044664172356,54.08149910152948,16,87.25294515152675,No,89.98916822228917,51.311278665164664
10.759473028419217,53.01760419952819,19,55.060082995738014,No,77.73435123941836,43.860029999390946
22.4198399235387,62.355161700507324,11,73.84444173001106,No,91.29661542750081,47.67757067143646
28.86924098530243,57.97723400565942,10,61.51470769149239,No,81.57293962915102,50.41728186996254
26.74769769199152,93.58917832961009,13,79.39786442247257,Yes,89.22027366063986,61.28926657955005
11.91742198089177,60.960699367902215,8,54.42393477361041,Yes,79.928149660888,42.86122342563195
38.23974594586457,98.79326279095656,16,51.49557674408955,No,70.70705341078332,69.84935297255178
29.77797975113497,66.84478958855534,5,95.09434520052622,Yes,97.89729299630687,63.801258279913085
22.619808047944627,59.10589578443496,12,46.10822097697221,No,77.05569124394223,46.249947140464215
24.857109103139738,89.48492535712396,11,70.3574744640959,No,80.25447592702692,56.73371713414174
17.364402434683807,82.9353887750438,11,53.251166977780535,Yes,61.024381970737466,41.15876587439484
10.661508590545141,74.90978582265694,19,42.335797799540046,Yes,81.28253947136382,42.290611637357486
14.882934467399203,77.76817754688156,7,42.161129097485585,Yes,78.5803824741472,51.60693189225556
30.555998308110397,85.96008891361319,8,50.51330632634964,Yes,59.241919897351245,46.401439969384924
1.5613460565604789,61.422737066564935,14,92.00622127036002,Yes,52.979354867657186,37.47509244254791
5.5268329797697335,99.8166958028371,13,56.9487246386216,No,80.21796598573856,52.19862214022754
2.794103038848357,98.73965810733915,19,97.02755023451775,Yes,88.18461346751603,54.040236117159935
2.5884232904398354,82.51628431734684,10,74.89733757935161,Yes,76.17006854610041,44.42411174628429
34.362962776429285,59.97712254645725,19,66.19685138612596,Yes,61.338631265982286,48.993562369691425
28.442656515820925,84.01141212156458,19,74.80533008016727,No,83.32609883465175,53.04607512134562
19.492779334405682,53.60992044895879,9,71.00190311357606,Yes,54.00528633048011,38.610387893131296
4.8155322653890575,51.532625110290304,7,85.5265752254395,No,72.09168524009773,45.21762359227694
20.17301912955646,62.884144425560685,13,56.949763958371136,Yes,58.16833791992101,37.6043886520023
19.46539906044206,73.13114783696582,9,61.183023496018144,Yes,59.22295255299417,39.89504325729543
7.7548729264905925,93.41362527041903,9,93.64565815199504,No,60.11469745791018,52.7165132302425
17.920214320280948,86.3584534883154,18,96.78739078902433,Yes,69.3353528521989,63.02641273018098
16.541684641497564,87.13532605999904,8,93.55349364918847,Yes,52.55751028101988,55.73911239255398
25.018153824036443,71.27466672240377,18,65.16687963743881,No,69.8896720464549,49.08909928789087
25.76865238383811,67.29674962734815,8,86.82193018041289,Yes,75.58537235573505,55.6412031009738
2.7668563811097364,68.55193814923014,16,68.58014399806592,No,74.16471424831626,34.07628705735949
15.609891970432377,99.3824781868029,5,69.85239112876613,No,69.13920502015202,59.416627240857416
25.40853671285522,52.005459570624126,11,52.28080654343704,No,91.95733040353763,47.334122062388715
20.62231408462342,93.35157480612243,13,75.46781819551099,No,57.26633462102521,55.02805280641221
34.40310380634457,78.93377042861967,7,51.16815386520088,No,75.2848371890687,60.23310970205286
26.689051633138856,71.93077095947953,16,59.89388194403163,Yes,53.10207084782772,43.90635491992331
7.354442656175758,86.26288302075682,17,91.3018120971961,Yes,53.55778394389549,58.07632774879397
3.752181148616764,74.33344707123514,19,52.424548552651316,Yes,78.69329248385482,42.927613867709255
26.05435185004631,93.67116190408302,6,44.269497110405965,No,78.30092124439105,53.52431790837286
2.0339411111232506,95.03509320056293,7,44.14045555676898,No,93.90167564222284,47.44299490335269
23.845247669665067,71.08604634367276,5,96.44707123018648,No,77.89368378300367,57.40637176625081
37.66897941557335,63.841389861752575,10,70.41522627771008,No,97.98955102024252,64.20342356440996
23.44349293715928,79.61751642966811,15,64.5647243090211,Yes,52.43474241999649,46.03567557021295
16.138627122054352,95.61816728083454,15,88.6527148604751,Yes,54.90038423903705,54.54888623333783
26.088240519251773,60.53310945028333,11,90.14955567463096,No,52.20329307851907,57.026983945926204
18.87186272916915,81.14832917817414,15,59.93146198693628,No,59.263842516677,46.82824581825556
22.279054783321463,81.57801100462603,15,81.6170834484277,Yes,77.0635055470839,61.91745784576829
37.71712754228448,86.65565112076405,6,86.2673689511132,No,82.27860907137139,75.06206096554634
16.058002874230198,56.57838425636299,12,79.27904121195726,No,52.27925789743344,42.47147532402761
38.486431989132655,85.79124823410443,18,49.095704488005964,No,97.29854449227997,64.08775424559012
36.30867503628649,95.45162603328205,10,92.55298501102342,Yes,92.10826883251906,65.11192030325653
8.635854256782562,58.984155443512094,18,72.34567316416053,Yes,64.83062410785466,45.87545186972327
3.7050907341314527,61.87716624619388,8,56.94834558220022,No,53.8593765113234,37.817912865016964
4.93034205371964,98.56975470208198,9,65.51369112626163,Yes,58.49435366095287,52.860428234261136
1.7106512004104393,59.04884763547449,12,42.25426542393444,No,56.34722068774863,29.2566295641913
4.683275469481208,92.71925466847895,18,47.672008073345054,No,56.16418896494734,36.534490021664055
27.637264163237916,74.61389282240174,7,85.93280503095164,Yes,75.9280844332867,60.73470328528221
3.7763572899489306,62.36155372015885,7,40.00069808532197,No,62.29237212467002,24.131370099161355
13.440049581456691,93.53749506362557,18,64.99394970893754,No,67.90698582645723,51.6400044148909
33.95013712780873,72.26526275013327,19,71.35061086513531,Yes,99.47526666921613,64.18319184821199
1.9076054936972087,75.74086769648451,18,43.278065200058336,No,84.21571244626725,41.52197547042781
32.76427082096849,67.96166846998828,15,98.38468977833998,No,97.44903335235007,72.65776338423595
11.992336216162597,79.64754257174637,8,53.56751987498032,No,57.12782775165578,50.243029771059454
5.6084282772445935,58.17619362925114,5,58.25192317817685,Yes,69.10697374162847,34.987819467843515
28.172749449201874,69.55407683258804,13,58.23655073530164,No,77.73659016411771,51.692858892186464
25.528771024415477,98.47061611676438,12,53.824999727040996,Yes,53.8379030944369,55.66462998692521
35.22140852755506,62.90667163505638,12,40.08842932517869,No,50.209372181397896,38.08830416798383
29.667770708351544,82.8368332270646,18,83.76068764527977,No,83.52171668984587,57.120472867078774
32.3357562850091,66.25950321123474,14,98.01072998795712,No,82.09097584007176,57.819592524073364
11.999348330280952,88.67365628433004,10,53.4576089971027,No,70.53944049998059,38.96619955255031
7.92014220740919,56.54368303591749,11,79.78283150820535,Yes,74.48220380160163,43.77341581679838
30.273975313993475,98.49105225392724,10,84.51377961752291,Yes,70.77215002960448,64.39151750497538
32.466554831423295,72.68947706918196,13,90.90552274543148,No,51.200252242244446,49.73012532007678
39.629700538026256,61.8025231673232,7,65.35775182081655,No,66.76858031087312,56.16210988704474
17.092089399545632,53.67483736650063,18,58.17585433842575,No,58.85411276986449,44.039232837894836
15.508705345918544,58.48789525437704,7,59.517708041381866,No,54.921209455068436,42.28068566278819
31.280105468937876,75.98869742780089,7,82.75727998591077,No,97.83602169446749,60.02336870649948
14.291338069867695,66.85015882156432,14,89.00676799033816,No,79.96798625210829,54.526945856454105
37.299535698539025,91.44416829413046,7,50.89683806539616,No,86.43281421183013,64.57681560430045
34.47809732187746,71.5443761830903,13,62.25646048946591,No,65.76818716330587,55.81968044650028
17.730767067625717,62.435713629381496,16,94.116411804949,Yes,69.65735647470076,47.48897767215081
30.283971643868398,80.8572493302015,8,88.40161118168436,Yes,61.84619969483617,61.618709489984205
30.427172089302612,85.33886084427229,17,99.09150416574855,Yes,54.84828354827124,69.05305953110695
5.021830884601371,58.35209539504749,11,85.25489558092485,No,58.95158187207919,39.47735298268904
36.1995633605031,58.380960814415886,18,63.59171206167534,No,89.8757022648243,64.18972292300566
20.70484252546643,51.83357134667715,19,75.43827003967826,No,83.87729025918878,44.67923677811733
33.231841178201925,86.82010075328202,13,79.66085525483922,Yes,77.34644379927384,63.16761719486129
13.481934440193859,83.19022638109026,15,44.70734897902744,No,73.7544936433384,43.30433287051226
35.92540591135182,73.7315437874907,16,72.66981754623191,Yes,96.12171418280622,61.75211460791625
16.17886547063236,92.20852244845986,11,82.55924970835657,No,53.63674738893342,47.29851914017918
1.422668407731636,90.28350764750266,13,50.039278240063624,Yes,64.0300406618958,41.334770377462156
36.309897080351284,79.2677182198376,16,86.83790304553344,Yes,67.4968926785357,56.960938173309216
4.560180394659209,93.41356402566294,7,75.0263668308467,Yes,89.12129061063939,54.44223553225729
13.45323186602618,60.292060501838414,19,97.13330714185568,No,99.62573100809857,57.83038230368753
38.05241671498139,55.5959809698864,8,42.5453378924135,Yes,62.03352573785765,49.842212064799696
38.07367873056469,63.48748057584948,18,55.919568253328016,No,93.71536670685403,42.972869182037265
23.364077636808158,52.854342804465745,12,76.09323275798944,No,91.53113802158956,59.78404251445923
25.64165127462217,76.5584764000516,10,57.79359473235584,No,61.23286988208833,52.38260906764869
18.489375357154472,96.83028461474808,9,82.86544984427454,No,69.96662900996112,56.13209269467224
12.435220096224517,51.967177033425486,17,85.54031695131586,No,70.48364346462596,45.50630848019792
13.817917269426722,56.105495700501336,8,46.150957843988465,Yes,98.91103342632792,42.36105964186504
27.228219787004498,72.60995141417176,12,70.83126785240606,No,59.044595068944915,49.41074283167121
30.34260664806952,96.69375087639524,5,70.53343333546336,No,89.9578985552391,65.23722778147335
31.871582705308093,65.80780524883752,18,62.156846212932464,No,66.7096357086555,48.55594603212501
31.795107568987603,75.36174043441963,13,95.97549175418033,No,86.54351728880802,61.15420527418769
4.557038018898925,52.0786429525196,5,89.65037919239327,No,71.00055021478315,39.045143274496986
20.282391883400678,57.41716004810444,12,81.8325629145782,Yes,78.917988155827,42.43305971759169
3.244791640649127,99.33150614794235,8,82.85959814409986,Yes,91.63058866630655,57.56152934716991
22.431626410625686,98.25593482180227,13,67.70296862878715,No,90.20827824919421,63.9373497440495
18.219689553561704,50.24699904672048,18,95.25967126579455,Yes,93.321159176985,53.3204436866801
35.62046312757369,97.59058927116195,15,81.67572563519713,Yes,52.980866267232955,69.25822004931696
14.68568548953107,81.95599689077503,9,83.738863699349,No,84.60252765198724,57.29079981818781
5.565613640676629,93.39591472600111,7,91.70145422724072,Yes,56.999368836088145,51.62162011204342
6.576675600060598,72.73699278169295,13,56.444295360531456,No,70.79092840092055,47.01803930888642
30.698914636981417,75.77980142896251,15,88.42425423200217,Yes,77.42942075273442,53.65371150594552
25.11050446933418,74.44232901284602,18,51.71443617738952,Yes,70.13697423734153,45.230128238237135
4.943784368788819,83.34321287730522,18,60.72051713469327,Yes,75.98058379015038,41.90163905954456
4.2801654384849,56.98256273781564,13,60.136627256190565,No,99.82631543993097,46.21707228766642
28.33779612690568,51.4986794936339,8,98.71152810334843,Yes,56.760865685642734,56.917057058786774
3.8377572482035474,65.39649707955954,15,91.39223342487561,Yes,83.77280226682129,50.24630512003151
33.052542312323894,85.23403813683234,8,82.07019169541559,No,69.80004831928076,67.54492086304944
28.54344685910335,60.09267260614742,16,83.62340569692341,No,56.65048994536644,47.43849674734696
4.172602445034091,83.67162166624587,12,73.72436766415427,Yes,57.936838168715475,49.0520604268947
4.308670849322485,98.49560230536352,6,96.82544002651115,No,97.46365531228085,59.75773042595254
39.47894356154584,54.69503578947092,13,69.77552517294168,Yes,93.9800748355881,59.78761119903133
15.596561034488692,83.63010591125632,17,62.831062592193675,Yes,95.3520980207511,52.85295734492523
15.455043735608745,72.18751096522855,18,49.78212021589546,No,99.57663879136933,45.82764426407768
32.6991831230426,93.40711271887527,10,87.17233913566348,No,60.415769500425895,67.28239443485987
37.94269451797049,58.857489472369295,13,84.06663592453549,No,67.7719668682031,60.805694356582556
39.45404148909196,84.63129761130823,12,63.06130231144809,Yes,83.46095149624333,58.787635516709194
30.381749225098723,91.90576448240552,19,41.51160483755376,No,74.19012699303237,55.140384344813256
15.674123835705714,97.23071097370116,19,90.33983966308065,Yes,70.91947666891667,55.306575257692174
4.256527951248081,84.16240141448229,11,40.68507900724442,No,67.89056246677966,29.387098565506072
31.308729721170035,74.85873820042136,17,82.22198677774306,Yes,79.68903159717262,60.396712020928945
22.777765739696395,80.8923620100607,18,98.21542658356341,No,78.77967143200411,63.94439414008302
17.544658360632074,93.44524922393592,5,66.2596796888922,Yes,58.07289170321201,55.42099726496688
36.3478210186947,78.53048733194149,18,54.09840429975716,No,73.58699187592195,46.52884606583213
5.336701809939902,51.519352984841845,16,82.29226060260291,Yes,77.67358881049249,40.062050470615965
20.212379067343505,96.54743477534889,7,89.0276885209351,No,78.51434693656952,51.61441565713064
1.4427921459293436,84.47633755157806,15,72.78581896467084,No,60.50535964561759,53.376223419612
19.277765037770923,83.82566928886233,18,98.02211651536877,Yes,87.11356961261434,55.74431415551182
3.195827751591657,60.78375761988586,6,43.100123299477666,No,51.259954741053484,39.53649656790277
5.633898734454805,82.94427351163286,9,70.28773589827169,Yes,67.74159277715813,52.697896223062656
5.58352362430709,69.69322028270793,19,83.107236839353,Yes,89.01063242678168,44.160934382403674
26.31920178252648,82.5616488520746,9,91.75842826895074,No,78.19464605277011,55.80340087136141
30.095750291351507,55.32965151539953,9,50.755336714467404,Yes,63.05812162554301,46.84592615853994
23.751381838789225,82.89226523015179,8,88.00020890582088,No,84.74765596715238,56.22141949652529
38.52472939050713,99.97068628853333,9,73.1624245431127,No,78.36954720780366,68.3829604829568
15.619952601424458,52.4106019430278,7,63.7932209193978,Yes,89.81218047281936,41.29688590060503
12.14277136499257,98.85870921106587,16,47.90290171474561,No,86.75125930949116,43.86463551088686
34.875365999388954,70.34539803614354,5,91.91774553453475,Yes,80.50539610181173,50.33551443206447
9.720237702258652,93.53767251686295,9,49.43639249078292,Yes,74.40888376554071,50.410984953145984
38.565679038183845,89.11927420291367,17,58.58727155254596,No,56.65910628337617,56.73763008334132
1.4740245129028373,78.3508130493334,13,57.40273191774621,No,63.06665089426919,39.11661610836666
38.825274241597924,86.92246046256633,17,92.28484205145125,Yes,70.95497364585427,70.63863280575369
2.6832365660724684,93.92577806506739,13,80.36217965253388,Yes,79.96496435031943,59.18717179465015
35.754581434224775,70.20701608255165,8,87.80088383148234,No,75.68539276076524,59.12992983401934
21.580343254365694,66.35165807816193,7,55.02807392754994,No,64.40922629797647,44.28117860595319
39.72562704865271,83.37966927817924,5,77.49244597641993,No,50.32321788948553,63.93567775271681
3.878066024680556,90.39229709706294,6,74.30475898862491,No,74.8119610950407,44.22638559772227
22.60031709165151,88.11425673883079,12,89.96982260729627,Yes,64.28129942811215,61.012263596318796
38.80279888914486,89.89068244293173,5,94.36522362887564,No,86.73041503552676,72.79384037697604
21.400815922635804,71.77916574064665,12,40.72940628864321,Yes,51.19731326352417,46.76083971741752
25.546546887275237,90.89171080875107,17,80.44119514352755,Yes,79.24139056528955,51.814746570257554
28.13419887040007,56.01045276853042,11,43.11014794718374,No,97.07371187530327,42.579439806641524
18.727101525943155,77.22445489804248,19,72.93151990464136,Yes,58.72046335557498,46.72521113215844
25.474765123278473,50.28793302490608,12,57.25796374262069,No,73.58247453752978,44.58556093110639
23.788258165000908,66.22929149501351,16,58.40659597132847,Yes,54.57109959085691,48.92624276669572
36.14516240914857,68.32307674356989,10,61.177510207141395,No,81.28409561306763,62.80245162669535
2.772408833316857,69.80863458046277,16,77.27754694297661,Yes,77.52658402981127,42.78489429720165
11.957564394096982,84.7733603344931,18,60.042997940126156,Yes,70.36827621064162,46.772598575530054
38.06604787898579,69.42790506351729,19,83.96194303541682,No,76.06885107368706,66.2024244794953
35.720287571745736,72.43468113112652,19,64.27164313443218,No,94.8287329234505,59.838605979919265
18.770613358642805,61.87720654371637,13,44.101192018597516,Yes,59.814715115553355,47.211374777786745
25.185171314259932,68.662589581467,7,87.02559054904643,Yes,51.12822558526736,54.634426083529284
11.817866136264174,61.363481363157575,14,57.14549947556236,No,93.08324423495505,38.088032088494565
8.33672522922669,53.659796188422185,8,65.96601277595576,Yes,78.85585411939533,33.84577514145897
19.084237792659305,80.17242966906889,17,81.12663299331409,No,94.53292277309211,49.60648164846177
14.78073689301606,83.41063992775082,10,59.94736942892272,Yes,79.84726117065863,54.219945912174445
23.76258836218401,80.97451730048073,12,43.39513936880294,No,90.50805449798511,57.47020797401196
4.031650841634409,73.17470219002863,9,62.43526282076881,Yes,71.4836681677574,52.44730108152376
39.001397498980495,68.98928900896149,7,96.66691496165821,No,87.49299656441343,68.59555501266982
39.46221903470451,93.16668247859127,10,78.50406383791349,No,95.6520733444928,74.8151053471661
28.22830684677006,75.9540892568109,8,80.28874892003242,Yes,78.60614818611032,55.0958324551004
21.907758287420695,73.95909388148655,13,77.9369292182584,No,59.03925752811898,46.66006399215854
13.071577035166783,51.282103290321785,17,51.93952833756621,Yes,63.43988075150991,41.59555220591525
32.738005768571,67.06239138130782,7,65.1000318461368,No,59.93222884487029,54.31555273673213
27.70451572960129,69.00978093929285,8,85.0563879017991,No,62.342851379786644,55.56752516367131
7.34206063445076,69.94113904484502,11,46.08237385318955,No,65.32077246755182,41.604575387791854
36.526160195259855,79.00861846136661,11,56.671166565382734,Yes,77.75668933765942,59.03887927564744
33.07895247400359,76.68012733634393,16,56.579146507951215,No,79.39958147319163,61.91049093868183
38.042196618385034,80.39525463967223,16,65.92113565567035,Yes,71.32498736209305,66.12710883068384
29.303060827146037,88.2441630771064,8,98.8221244565311,No,80.77103899104176,68.75710380610246
24.923192641495806,90.64928693580467,10,44.05015280102931,Yes,54.078746280568296,55.61098268841705
17.311478415334136,85.90615381132471,16,71.12205966283571,Yes,54.389411852908,54.93010338951289
37.376410850806515,97.77618479774674,17,50.76188092073263,Yes,58.59147301788292,57.98909460540835
34.776491690515925,50.91162913381808,7,98.24059272458464,No,75.90387490201724,60.205414826036154
2.763528134141387,59.788899284177305,10,46.798210283647855,Yes,60.69973393491568,27.49922114483458
2.028312005392828,50.37814374890711,16,64.21606014169548,No,64.16422017462887,40.45385973411066
15.682071308243934,82.37373570773015,6,84.27309909007637,Yes,70.0156418086497,48.86851853566669
32.61157990049148,94.90152744749935,12,82.27326568164672,Yes,90.59330620051898,68.4580903848013
39.50376904328284,62.174114828814965,6,65.36371821363593,Yes,50.693106795643004,48.37002659611832
6.866258753037599,96.35172723981533,15,60.79145007716309,Yes,82.46894101183112,54.8241507051475
24.17109789873327,53.01336951447804,11,63.85674271317224,No,83.44382655203427,46.51855508203505
15.854743408609838,96.72180134027572,13,55.85657578951836,Yes,89.93278901783182,47.549252034396844
38.826661514769526,67.58113436198173,5,52.31997632240799,Yes,96.63764695301566,58.036263029377885
33.84263800229264,55.07104142246082,12,68.9823818535334,No,51.006892447464494,46.06592935894487
33.69481948373438,74.29358795931628,11,56.112025364056436,Yes,57.68918527566081,57.163061385732846
19.27903323200384,62.8388283860254,10,57.247699893835005,Yes,94.30856470279966,47.45028670132816
17.177960591168944,64.24364509809614,10,79.40536380847342,Yes,72.92592810935076,51.29504826546637
11.662875805297544,65.36449824631433,10,98.11223990199353,Yes,78.22953194667318,46.93205619600328
3.1986443693861575,90.15129489163317,13,76.21823203356251,No,83.15136018615738,48.93696748343585
34.72417267394707,76.95806383376272,6,44.61876802389798,No,83.95333022478187,52.00298166646
32.703139356073024,65.56538495780018,5,44.53501683124402,Yes,96.58702016582541,55.600089013813374
39.988989258159094,80.51668916554593,17,97.08539325073396,No,99.84747087058349,77.93931362916001
39.86883664588231,85.80753371115968,16,57.83744741844002,No,86.00787304654702,57.83221280132916
22.66183651850247,63.63120003667669,10,45.52401916494853,Yes,64.36106046025753,49.07924522070786
30.99050919203991,70.67745507626758,14,75.9426752290229,No,93.98762011471717,47.33835016834402
37.845863465414695,56.09430466684738,15,77.41892669741597,Yes,52.46104572703808,46.725579692945644
34.13624823641905,59.05746747673402,12,78.91028920712128,No,61.55404264372481,48.515309362450694
10.646575967984708,84.05589269824914,7,56.04412167145248,No,94.86928587318575,43.40860767107408
18.57122127709365,59.071917384781344,16,40.9066410528685,No,62.80957572196775,31.694407560104437
6.037217190908304,76.258169183353,14,97.9009221672683,Yes,61.03255298108742,53.04077192362062
38.20799006309017,85.45231308612163,5,55.05358274146615,No,56.906264657012365,56.54989447642772
24.64081074358432,55.34384615473719,13,80.56157728315284,Yes,92.95558788234582,53.76437937674559
9.917069414635046,78.36561098144517,17,82.39779219272258,Yes,75.00291295955434,54.90872422539508
27.196326691828414,62.82813918506819,17,76.60044502476914,No,83.74466015270774,54.74961241833909
25.107001377857937,98.146343761879,5,58.77444365281889,Yes,61.953319203751484,60.725740211397664
14.968346003280779,74.17728233599624,7,56.265775225843946,No,87.90202105056082,47.936218821124704
5.428746095785532,90.2996274887579,12,75.86009696216219,Yes,88.00027724810492,47.29846686065579
27.191354628119186,77.51132710781309,18,91.9657380167015,Yes,65.629901245415,64.37514861557737
21.292000335247938,52.170626642740956,7,96.80402373540373,No,70.53413165051414,47.63664537514799
31.120417277689935,81.65756877970111,17,46.35434826422546,No,60.484513871510046,47.586777091170276
21.28637654336774,97.57016711033285,8,49.28971675586319,No,98.82805116614522,56.63675983921211
34.235078512423065,80.08059100731656,12,96.68417552698477,No,82.28012885292058,60.71900210137065
22.524366712204937,90.95944297133951,5,84.19211370008756,Yes,96.72719403577577,60.72156980993176
22.876580889880064,94.2103231674204,17,92.97962948978639,Yes,65.16927718145666,64.24685253009842
35.18949050367546,61.40398859744663,17,52.15795804812059,Yes,89.09454564984449,53.57974765154338
16.735831782283483,60.60224199541133,10,75.25515226656411,No,88.2929321942371,44.26617865214518
6.226593909574989,80.54904944254959,5,82.06837566504842,Yes,84.58278259332707,49.08877892419354
2.1225243762202197,70.55142349033524,18,80.80671312681835,No,98.28194876334001,53.375639323137555
30.45035297127114,91.99306514333603,5,64.48910145200189,Yes,69.67776680531577,62.12565829111093
25.192072502785123,95.00115616990055,18,40.92369350147851,No,56.53586617948787,62.79082636707141
28.45911095586972,67.6710689651359,12,74.9755634082558,Yes,83.58544296220305,60.93926291846776
9.305602298847518,61.8435279487241,15,55.186092350776526,Yes,86.46549002386031,47.68053211949727
6.318487547884021,89.0262757621931,8,67.01525476857341,No,78.75302867294073,43.574288816541284
1.567241961047395,63.740301777406806,16,97.45486090502904,Yes,60.34089465666982,49.093350722480906
14.672914793457283,91.13071592568392,5,63.94211905854608,No,75.22279708346777,53.25355020665953
24.00678978733069,71.18691268243813,14,90.3880963998656,Yes,65.60948682845647,52.842448664791235
16.297517758889562,83.37749496457351,11,51.31243634495507,Yes,71.37332640833445,49.77215220541498
18.061521958925432,54.77676569173341,9,80.34762988150173,No,82.26092879223319,52.67931501967127
36.26218908525619,81.19296623382866,9,98.6204172663366,No,87.26073713454173,69.81708062599363
14.581963213908713,72.58838393686145,5,46.113586052376206,Yes,61.611234545067155,38.60077212489357
21.04559007723262,79.3304231587737,18,40.49919653363152,Yes,70.26626803234767,51.05612365644933
31.56246749690458,58.40071038724317,14,66.01496755795687,Yes,63.45807854958146,46.50606377110448
16.465168510529537,86.8436872472091,15,45.55752898308203,Yes,59.93158069309345,48.82725303912173
25.261381308887067,93.13985387716143,10,84.90306098057388,Yes,89.16936099979192,62.42730664541155
34.63218464112306,60.836990004538784,18,94.87291983091353,Yes,95.46263472184961,59.5304870375004
38.03130432264804,54.78572777600809,13,66.04125836252553,No,68.51160928422884,55.53886753799218
6.73586575623248,51.18192930231682,13,55.52269852932646,No,87.56394621868834,32.70889082184267
37.13691738129828,82.0985750221633,12,66.06419914039658,No,94.84976446822056,71.90813110545434
20.19253543010199,80.35470180443903,9,83.40686907100006,Yes,92.30621052651158,48.989989233751196
11.071531143659376,77.33487063570351,5,40.54324969482226,Yes,59.140669426961296,38.6634521135611
18.90629449329219,61.59735480579877,13,75.36723936908183,Yes,97.81459407566807,52.74769097014838
39.22127043613361,69.54529979527574,5,76.79750109324274,No,68.83382202147313,61.71655136600858
20.212105665721914,79.72381675930865,12,78.26129481375614,No,66.96203305869182,53.84807095984324
13.82131280121282,74.83834294295846,9,54.52132479885263,Yes,53.121566363889016,43.90949608452439
25.702633318352305,99.38927601074437,7,82.84316340268761,Yes,74.30868270524415,66.15008750826425
10.36567913234953,56.821987627836656,15,45.483489179906584,No,55.45068078204643,34.679286468188366
3.958669796237893,84.75722770237968,11,51.95622018800805,No,62.4269910463713,50.610485661122325
6.02630915451532,70.21593840521462,11,92.64820279926892,No,65.84713108836407,52.78640442321872
5.993787719353125,71.40998074628074,13,84.32338904359398,Yes,90.4413161745842,54.09344049283086
6.92420504697948,85.87988828290881,11,40.824733240680715,Yes,93.77443251979483,41.24525478692797
6.414259733326995,84.62180756621848,17,54.90257562218801,Yes,65.12331587307348,45.04815075291278
25.99411504732537,99.56279968510941,15,52.864388979589876,No,92.93490606222869,58.630524583000295
8.093323291566648,56.41971447270626,18,56.248379682218356,No,92.86154686848955,35.67106740328384
14.481024049630665,55.20548246920832,7,54.85358621679318,Yes,88.23254751924367,43.9488472756266
35.974747986334464,86.21694085643705,15,43.751577744570746,Yes,57.334755700759075,52.05054378155588
19.48450397025202,78.91934585032045,17,67.53643099580921,No,84.51614234503646,56.70552492611362
27.03475180232006,63.70803332799029,19,83.9640084871699,Yes,97.25120322902845,51.093274925190286
7.720474976863564,53.97096844944933,18,76.40390348304618,No,84.12702393835785,51.568166680234356
8.49927173353816,54.282912479821526,17,80.37230011588478,No,66.58084245539169,37.935463413117546
2.5938760343926757,94.70954373320592,5,44.86895071217435,Yes,75.02896587154157,47.02361194931006
7.588467459814417,59.59336623593715,12,97.08944261060724,No,82.28625216755268,52.51920714552397
11.865023222246386,66.16857810577604,16,90.30951003058149,Yes,75.52852043642518,47.35813461938961
7.903408886793126,61.3328201113494,7,88.30541910973976,No,55.99764708654849,49.08440133588962
4.4593988165251695,67.74981529159686,16,89.37902830250604,No,65.60320223260103,40.39891200884836
5.704798972923432,53.47119213730467,12,95.96263048796568,Yes,90.11980152768163,53.78837197663488
18.970371953276306,75.95298954541352,12,72.65523796682186,No,93.07090230477587,54.28292979360532
9.047015017825908,53.380628179610746,17,52.016921072057556,Yes,56.86500163577851,32.74082179915855
15.206524580874943,90.01782539111808,9,77.00701647115247,Yes,97.61933761993623,56.75538564377235
20.63327356333942,61.685604095521654,17,84.57288962007634,No,66.44113089243046,54.362278014214176
27.925398316545248,77.00059573022553,16,84.27504360124152,Yes,83.11568693653601,56.514639000335464
2.5331734538028585,94.0039543780729,17,71.2869414500128,Yes,87.59125729783406,48.4841812676151
32.17700555745266,82.5438684523597,5,44.10752316001468,Yes,90.59731173189417,54.407515575962634
25.488115190145404,76.64788932756676,17,62.26677630580767,Yes,97.2874851112965,49.486906082769536
4.188602246006004,66.21668765576878,14,95.24599650780144,Yes,65.64597740144113,56.25696377654652
35.069566340164315,66.6500956529099,11,75.06693458544555,Yes,92.92532272757772,55.49680146571196
36.914023620740714,83.4743477599095,16,72.29991659534281,No,56.584345171810355,64.08441554342076
3.3820404343396864,99.70696806105838,14,56.13121086293161,Yes,85.25204531767963,52.063703714646536
11.798228277740945,83.09195949246893,9,62.10693519499473,No,87.09888647569929,45.85548459299609
32.441849911929395,77.88917086850125,12,93.72076534919016,No,83.88616206006603,63.44648695510313
30.182127924962675,86.5325255119623,13,79.98778285161015,Yes,62.61573680675765,64.2117529711253
8.196319754898717,73.26028061418592,15,87.24322160513998,No,93.65215735076018,51.12916546688774
9.164623610131702,53.00711713003926,18,67.2607253840593,No,58.44292316851975,44.82998670598344
15.448412008863897,78.1148407938955,11,77.81483316736947,Yes,52.681739576041544,55.55253459670158
19.896396422449833,97.881264225269,18,54.90301652459245,Yes,85.87324953059561,61.485440367830336
25.111936089681542,58.76514711788298,17,82.32764981700917,Yes,73.77378576163669,49.218943249438034
15.387631943221123,84.50024454103328,19,65.65608002220024,No,92.4549009979338,48.48262000492443
19.03885392919277,60.04668443295282,11,66.55273088888474,No,69.16985705291295,42.78914075781723
30.151366587216504,76.79138422365406,5,78.9593394746129,Yes,58.41392942538564,57.71242744277757
2.4306449127333183,54.83382248233598,19,96.1768372881356,Yes,91.82210962349349,48.56891669743237
10.84504082941681,72.51854681290925,8,43.84038079651725,No,77.44548158200358,31.748347669341072
28.820633849497547,87.8081664447623,6,89.48459424082046,No,59.45978961951774,61.673035275284825
35.91306666980078,67.37857621194911,6,57.54298662473158,No,86.0191999293223,55.479762975999506
20.95542024251098,83.24558622436089,6,66.63516727038267,No,75.55568192447502,52.85072432925893
21.75242592534731,89.77249803948646,8,41.31479972650054,Yes,80.215649112016,58.37361383356597
5.1797084422512665,96.35889097397263,18,58.06276467005878,No,73.04491691032909,52.005495665391315
18.449082306114732,61.73210409277267,5,70.15787455780783,No,91.43544919090033,55.62534352133378
21.772073391745902,69.9657957904654,19,43.37056464084634,No,91.4781357841525,46.44069199867135
10.456349641754457,57.62080066652087,8,69.46574376298992,No,85.46944109121931,48.59626038091258
11.500486007025858,99.62417510791876,6,95.62663773150564,Yes,55.27006886982311,67.31511334110701
15.714082361080283,96.35004839621476,9,46.323593086468314,Yes,91.94269309520345,60.20810263647386
1.7827767133313284,76.99785651402797,7,85.86644368453025,No,83.55064902664549,43.88011331196786
13.561087457743954,92.10166471882107,19,64.58026320255956,No,84.85120830021498,53.18772748156541
9.24647227286524,76.04789886360211,16,79.31042287146028,Yes,68.14914202019358,47.46413381728916
13.77239673493867,81.17928440013799,12,55.614195879113765,Yes,93.96397780785034,52.82825364600629
5.670723140950797,54.456221605800835,8,49.5695357524815,No,86.26858001174287,40.57768866486382
35.7305639488559,87.7635210248404,5,49.627756856273585,No,55.629523326459726,51.91532222076649
24.150105688607898,56.38567418176174,5,44.22951673858868,Yes,70.38890172030813,42.79973061930492
27.484990446635095,91.30338151262642,16,51.13880229407458,Yes,94.31901809800709,47.9450362402769
31.777678305686194,89.1014043835193,14,79.8531630993381,Yes,52.35983508486895,67.85783379469424
20.439245758233234,85.43723488714882,7,92.90143671061048,Yes,98.07083098210248,59.63236800638682
4.389891235409523,51.80801902623811,19,88.84754113546971,Yes,83.95812841597814,43.74300296994949
21.947155130923363,65.15641779726643,13,81.10805859246904,Yes,81.56879888216884,51.15603042831967
23.886803602814286,63.155628495542146,11,46.62591180466616,No,63.527962824399566,49.90952650822862
30.07213949318887,68.00682037357595,6,57.35124677775699,Yes,62.439589436958855,35.95757800160873
17.834722302957495,54.382137338191924,19,58.58841251934814,Yes,97.10291097442978,44.793452012323634
5.975631809026987,96.84789115155314,17,54.997416783857275,Yes,64.91362271170614,48.406371909530314
12.067260326150254,77.69011203561881,13,70.90033958258338,Yes,88.77526483594997,48.923350203299
15.160209559546768,65.27621553290118,14,72.13322889278035,No,69.65608991035396,55.67033598145869
26.190772411932446,69.84907585371417,6,61.41315851026661,No,56.9627035392352,44.97328648258522
23.260353882087564,72.36012702524178,7,61.22734952418616,Yes,50.53576488476795,52.17020693989989
14.887772310016004,80.02971666803086,15,89.71333587436487,No,77.21286685076254,57.409241727895306
39.47409470292621,75.7839713848249,17,87.35757089918113,No,98.78894092744663,72.18283383187642
24.6252179549186,95.96959866072086,14,58.46774990084474,No,68.45680969046023,53.844252305511134
10.251844877703785,74.84817414529151,18,94.82730663239556,No,67.85961669965224,48.64176869549451
4.969516432195746,99.60790074116564,6,97.16890102015037,No,67.20458089247211,63.504764625892264
6.961506428188949,92.57124788725478,7,59.60455252180245,No,76.02719186524293,52.20621316998736
10.592351406995817,60.42552571786679,10,61.26549692758329,Yes,72.03324417121468,34.096335347412705
7.266573557122671,96.52976073219581,13,70.33804920531753,Yes,93.99573133635073,52.636215544890035
8.276113938000925,55.818319894273806,13,96.46724875202041,Yes,75.27603958617452,48.80890852174436
12.118711579060037,90.87248542455958,11,92.57916598853869,Yes,75.38789190942845,62.35267375537543
7.761570216495438,69.03116467382901,16,46.154077755015386,Yes,56.91857973602783,35.340497747387964
35.97385156043058,93.89871602225347,7,63.56384459628497,No,99.1369770455193,50.6143421055725
4.129116080804046,93.40283450537251,8,73.20227138498632,Yes,62.498644543441486,53.178931443959954
21.455944193239933,90.29627000588106,10,70.1879483530924,Yes,53.66820337298013,48.9740652372569
17.0054762525968,89.50152181535307,15,51.63178407621356,No,83.15731244876045,42.208041115151346
39.31276605943565,65.23395695490204,9,91.52900627008928,No,79.76831850784363,47.4162969901264
5.3695171845540415,54.04596415256261,6,80.61644697981023,Yes,70.75728269963729,45.630518086504885
16.516368362783922,70.14900893825808,17,90.27450249110822,No,71.1096116940339,53.46019894624086
38.80934689773939,58.67622574932543,10,91.52585676096834,No,89.25319605232156,59.228815537757946
34.75477790986523,84.74755444512309,7,84.90135121994439,No,59.78563200498245,69.23013275678395
32.86581076702191,67.30498632688928,18,66.35263607498304,No,91.01266594724449,58.896237429711974
11.058210254752654,98.78051004299574,12,76.63280530092547,Yes,82.4373556947509,65.70923395806955
7.664615908212567,82.04860386726659,6,49.62192436718459,No,70.94848868897623,37.735983904964556
27.07708557705281,91.12402818171805,5,80.41872504849445,Yes,72.90143082919343,61.36917765818496
37.24566357597585,56.62623363709242,13,50.75519534435685,Yes,62.832360359304786,40.23684375157984
22.71375282754326,93.10072411363113,18,81.63697543060941,No,87.60571663484873,60.956773455436064
23.292894889326092,96.13785952566971,16,53.775889645238124,No,75.64373711526339,55.23498818517193
11.919184652751083,74.35309594094679,7,47.0530780090132,No,66.04272713749218,46.22155914525168
31.01022439448554,80.31264688754888,15,49.91706940857745,Yes,79.80250578804751,54.68936769028861
8.294706193743412,88.24049004514977,5,40.11952811314421,No,99.78672260256616,50.90964306532734
13.623490219765504,58.741931363020626,11,83.12437707121182,No,71.76311398282769,50.39036297503199
17.592021106040253,75.12830382317212,17,83.94406294350274,No,96.03457003893098,66.7422125688771
20.796804768693747,69.93315138861566,19,70.89600099479557,No,67.2508419962283,48.62646844621352
10.45397956418813,57.31869960811245,14,49.68176806332302,No,52.736635346249294,31.882105352066624
5.478636164828938,68.37672111457657,9,45.01326025064139,Yes,60.21210531842144,38.95875145885701
24.81418165522367,53.40861546927468,9,41.14773798623722,No,70.9347571663842,37.259880481060016
12.256591576369974,51.29059534747435,18,49.944890617913245,No,60.98174642972845,43.78677184352847
23.668290635481878,56.758314457741136,5,93.45133209898881,No,50.01135191091278,48.77012200767797
7.02014589569389,98.15575557945868,19,54.4922105021009,Yes,95.75007688737637,49.900352981903026
19.764463972337882,77.47647679475085,19,61.25627963303294,No,92.19397056154645,50.26280300436606
21.77098786951185,98.291108057661,13,46.32072906887999,Yes,87.11461157434735,59.763421653671976
3.021117936074649,71.62489391650661,11,53.34167828489022,Yes,58.390729782301435,38.414589068432605
14.127566849562903,65.59080665426298,12,71.15347424681231,No,56.0181788104993,41.952447365864536
6.242172400619996,75.3070931420122,13,76.46516098573915,No,53.38023747361916,54.046812435479055
3.4716238484379423,71.9755844316455,10,54.72113884997266,No,86.20145943864605,38.26484937941922
39.608449063207864,55.2832342130872,16,43.46392955350703,Yes,96.44039803439426,50.94300597351511
13.571799954014196,82.0413157345103,9,63.46197214764392,Yes,71.52679104565185,53.14771899410389
32.58510338833076,60.80190912547998,10,54.05220225558005,Yes,55.95703359980241,39.52408235198718
10.93098553578679,80.97939774489149,15,53.17323539378812,Yes,75.61964103660533,49.26412722722995
27.57860616673324,82.51005461990766,6,97.59176816280731,Yes,67.4415953729315,56.77143364511796
30.648886535697777,57.601242656432404,8,76.97802915554345,Yes,68.74124621749988,55.92357176823753
24.229910883705926,53.06748135553341,7,73.41270659032575,No,81.06653120778536,43.5881481393912
19.391471353456176,89.038079303422,17,64.94650621139931,No,85.93590566311012,59.51474930024425
17.061795651743473,72.99002118846602,11,65.73666000580866,Yes,55.53017994365804,52.951239944238296
14.605862395176816,52.90818977527379,13,72.45430023028484,No,51.77951154032382,45.690795718906244
37.251636625665206,99.74331585848836,9,81.78578842216643,No,99.71651513428574,72.40904184686495
33.39415690372144,52.88902804981833,10,82.12876577090977,Yes,61.636417445777596,50.65726136054529
38.63604951599399,84.75176144292766,14,50.30163446232697,Yes,52.691526245422956,53.32732987460936
5.847591715936244,99.18394626317068,18,70.00676512459762,No,59.493766454796,59.40012368981034
29.503831532942126,61.95900521079628,16,64.71748570204612,Yes,51.94789231742321,45.03004444772907
37.59527781602048,57.11246843435981,16,92.23161797616305,Yes,69.59054473085858,52.39189935718462
8.068089580460747,56.069246971121444,6,77.88513527310258,No,90.12008922256621,47.96389057556202
3.5933544273043223,65.16375737837978,7,71.95024398495892,Yes,67.06222248788603,38.10205601428358
29.9037053223123,55.052290550532334,7,46.923678530735046,No,72.20917034391833,40.33250454729283
23.404451414016563,84.60806708470659,16,76.3382733594047,No,83.77933867837194,51.17176791988791
33.83132229357261,53.114589906503134,16,47.03223434081401,No,75.44470350349401,44.0032739105896
6.45112268842529,75.47110640748949,19,60.232394533945126,No,93.07228430106622,46.16191321503015
32.01542516253572,99.83484269264883,13,48.57051788885991,No,93.30178375228783,63.01636346411319
8.863465481862036,90.69851347530094,19,81.52441882146213,Yes,50.49553477455768,56.86590869858071
7.382581771762476,80.76097191155054,11,52.37512683016916,Yes,88.90231532415996,49.18107079894895
7.406366119308725,65.31268103933058,12,63.51156239128156,Yes,73.03668001208369,41.60797014122145
32.768414089023906,81.19479181458192,15,93.74048665712672,Yes,99.44202706518315,65.16712483602919
26.942691607151804,76.35207319558258,14,52.25898300393822,No,74.16160379377176,54.10144292627623
21.399551565995655,71.30416919451858,15,70.46830383752675,No,99.34479726941487,60.342062693843516
14.994388880816597,56.535518837009974,13,65.15629966996133,Yes,87.72846806028683,45.39408894086658
35.210821091711225,94.33021076202334,10,41.08744246274378,No,62.430244230665316,54.49825030985473
16.30535918948278,72.48923244106612,8,87.56548681436877,Yes,76.91974896434789,48.50965566199376
32.84737813939151,59.73112559103825,16,44.142754378875985,Yes,99.60678197392915,42.62149168417507
18.12626143423852,68.38796754386448,5,68.45530125861721,Yes,92.87653038759618,54.07695648755542
15.700832747571395,70.70648762644635,12,73.640697696337,No,54.868344689561056,50.59714601338375
19.04451164111465,91.37689477834371,11,77.70558739687522,No,85.3185998404998,61.99066817890731
12.753737092401542,86.6807190280701,6,81.31789775847253,No,67.27897929354066,53.45389079466994
30.156765826873794,88.46524468206698,12,55.196343011362906,No,50.349113094017405,61.71113337650269
20.606095213606686,50.55156322143236,16,40.59872659950696,Yes,70.17404845134998,36.12446474398469
10.056295110725875,70.80769990898807,9,83.40661974129472,No,61.73772108624856,52.89627025990661
36.08340835770817,74.06720758176618,11,72.13939596085471,No,90.94346352602358,59.98203668743871
15.971757633555246,50.95961384115284,8,90.16706219243493,No,66.86653044228828,43.35489886508707
22.198561583445557,62.99066043725171,9,89.28330177404166,Yes,91.37618469769086,57.733553125719965
36.35241232761733,88.01449115610674,12,90.59957006727299,Yes,50.029896941739764,66.1163965789275
25.34528184064569,56.855485286449955,5,69.10567959877241,No,65.39095750130596,49.33985378841298
5.559023587626199,76.76550657262959,5,60.017703750211936,No,62.0582607153881,43.86902033870155
37.65345282092553,60.76009360086188,19,87.4934921554822,No,61.678368053430546,56.766479036484114
25.480614069785297,50.60603873219466,8,67.07764678175529,No,53.40933098827313,56.07237966710308
14.06131897162636,62.06007287997707,7,51.006531784206075,Yes,59.35621352052509,46.30076038751825
6.431610833872103,98.7936877455027,17,91.29844117368846,No,77.777478494281,61.862321216293
31.96698238154154,90.07685559414948,14,92.95359260634083,No,64.56805364188722,65.41636930733529
25.182837481212026,97.97883221605167,16,67.97858536841021,No,70.8697391164574,65.18526164561143
21.80498258707654,74.39270219631813,6,44.54198363858725,Yes,68.84334401735943,49.4225087051367
35.86181073898735,55.48680993387518,16,63.269565395015874,Yes,93.79524624999473,53.15522874363032
31.755291237756698,77.39797444868465,7,88.2122595677562,No,95.26494995052578,61.57263411198232
6.915320309577296,72.71886672799805,15,94.10644171277372,No,74.647848582793,50.46327465475093
13.157160644026382,92.2178541369808,19,52.20836454985575,No,66.50779751578023,34.168544480863694
10.691076452764165,54.90412903921223,19,44.01841672151629,No,55.34003520011818,36.13836035367262
30.013905410334402,74.4120568510889,15,92.64102718797032,No,97.67014396910474,60.182018653413174
2.3077649546953958,57.50243323469921,18,63.364296338732515,Yes,53.011347245014875,44.11117993595033
23.225697709981343,66.23379634450299,15,72.5056578560538,Yes,64.88251387841402,50.24652130045437
30.73588874388693,86.86785386938999,5,98.08394872304554,Yes,64.90331005850021,58.517015311156094
35.19385983370823,73.80090646843833,5,43.99388367485337,No,66.02006430701074,51.369198269045945
14.34118819992039,68.79441425728847,10,78.89908044712573,Yes,58.214342163620465,42.745444437629374
33.0290348822085,69.72381392850177,9,44.446325354492025,Yes,89.15807154618486,54.30086743551315
5.314637741253081,72.97233842029934,12,62.52813570799002,Yes,56.12489309829946,43.59040989571641
34.01163937764621,89.25082719185284,6,88.22887271160681,No,81.74533295765814,70.98940990224285
5.972057830947314,94.60423444701172,8,66.00833396533807,No,56.19230133529087,45.63658143460631
16.494204331854323,97.76673432519641,12,99.83094123417703,Yes,53.52678187964783,61.416608946241574
32.094519265402596,89.34516931276475,16,73.54355709679612,No,95.47147518429382,57.0721084606459
6.846779666602178,65.77034478740063,10,59.269729158157205,Yes,59.506438315935284,43.7818788757096
9.940804414073018,84.4067353043271,5,53.20667955428519,Yes,91.0625077279852,51.6402849427835
29.167850167329586,71.8801562027696,19,61.03123205716971,Yes,77.2315435553568,55.63961279987019
29.0814249252969,62.73353110230256,8,62.35199642557305,Yes,53.89282598043848,48.32040634075269
26.004757682526595,92.04357897129613,5,44.12282066343766,No,97.77240957190338,58.690646308221304
28.063989334216902,51.92131744811625,17,62.174451965606394,No,62.34805834959462,53.493382737745364
22.166253290556252,95.08809960677118,6,67.85431118435349,No,92.98226726763033,58.83654887667752
10.820163297371158,73.0738732312367,9,83.36426513432828,No,58.44050028922821,49.46035626265838
14.482143746652858,81.86007384041402,18,79.40376908329648,Yes,92.69714410709264,50.07071638224686
8.0823109552556,82.96769611028913,12,82.52593931374926,No,50.6614406452647,45.35326033447364
36.4295718920115,94.75588703532682,12,40.50182091261143,Yes,75.58902282847403,59.14692779823887
23.7522799958787,81.83348410836037,15,53.06004397483216,No,88.47212897107784,59.02984665644334
16.633205253781956,80.69667923800309,7,79.70105730399139,No,96.73977587463916,55.19507079991804
19.018226342121174,53.3326020280345,15,69.03936209078483,No,95.46010681032436,45.781371597887606
37.9440502448608,75.9204010972602,17,40.318808540100754,Yes,90.98124347738224,53.081200260358884
6.980704721527128,57.50845004085208,8,88.26967854590934,Yes,94.4095674830652,44.46592600413325
23.86296344865509,86.87168843607428,14,86.36857439742025,Yes,59.960984291853826,60.35136249749786
20.729658476494173,75.61109604063373,15,72.90514977961377,Yes,64.20921478558644,44.49085541137596
24.846715181951264,84.01138896041766,18,43.987799546576326,No,64.44842624605292,56.78920317816
1.70629716901278,52.083645030119214,10,85.99090297195508,Yes,68.85269655008494,37.06395113539308
35.01283244882191,54.23960080229016,15,75.02281526388184,Yes,69.66603351925943,55.85769705210883
37.352613016860886,85.81616940313411,15,86.91759862947755,No,77.22776623273377,59.442199389884095
23.040194159979148,53.60421679993367,14,85.10481954375042,No,57.99398816832207,51.46190608228514
28.169382131198798,53.56283638826293,7,88.18012431747023,Yes,84.56233318929947,56.78858499045487
36.977475865914535,50.605423761744376,6,71.08048398427749,No,58.37832696522533,51.94755732829665
28.582306738222545,97.82506991497401,10,48.4194710916109,Yes,65.51542410522738,52.04373768962718
6.949022673656192,86.87541797295034,15,80.26944840278132,No,75.1672565303077,53.660590742924995
23.475246046505713,67.66257042510321,17,77.22842710311824,Yes,89.82202807617386,48.201476850702335
24.66188680893138,64.82677906438276,19,84.53519123194523,Yes,86.97346166193637,53.65335657998914
17.541096180793055,67.48516148729247,9,50.19286036304412,Yes,82.27671782052612,50.675296277943026
29.72132518936419,88.73267655905909,18,51.69851199401735,Yes,57.78866302900851,58.61041138052144
37.44031357599158,83.06853055352072,14,93.42457103315971,Yes,77.35226728077889,66.39274024386485
37.09717200336428,59.259778393373395,9,84.99866790712426,No,54.37232508999427,50.1797355301678
18.58273548476115,58.70546676670422,14,94.49370932201938,Yes,68.86815883983255,54.05823053317382
5.416283787789455,54.91978248566986,17,85.52291926983524,Yes,70.67582651449796,42.91152095472371
39.408806759531046,83.0151359850669,9,75.82931835941811,Yes,51.99057197228769,49.43140637729276
33.71702537139143,88.2186331110868,14,79.24796422167242,Yes,63.69940497349859,66.08508255514954
5.861844566927407,63.2523214162502,16,93.3476754364006,Yes,97.78247336332447,49.64705250591013
36.91283342207752,51.047248051545644,9,74.72840527071642,No,97.68163039148448,60.8054081175018
34.925958120423005,54.10858337382137,7,77.94347945970324,No,67.61635271262696,47.076936829304934
21.234684227916812,98.39300174225153,11,49.38860296021603,Yes,52.1550054474162,37.22147628464701
24.059741994052242,64.77223887387102,10,68.43527320696616,No,58.954746966409076,50.03351708954227
16.56110545093508,88.46115739190668,8,82.98382671748594,Yes,69.610889671677,58.17846209202079
3.135703914059222,81.23317844271318,6,56.25656189898193,No,97.38898489846149,38.161087830047926
14.072692424190135,69.09698198264479,16,52.13525083147209,No,57.059953176859246,37.59871931911681
32.31128449532245,60.28436310977776,13,58.82960849346493,Yes,88.1757921834106,65.36941236669585
1.1806488971795115,56.06932090797032,5,54.49003767957001,No,55.4341269687346,32.20642299328134
14.006467695954623,80.75064840194332,17,52.894758222183754,No,99.06287886956383,53.96781601223906
16.528579050046787,88.7316890318894,17,65.49105057208521,Yes,69.08082495545675,49.98393180270634
21.95842851457899,82.19521267705653,15,94.47031083301204,Yes,88.7617269449528,50.76065557578046
36.87436904009766,76.51510666245792,19,70.4235788043231,No,67.12955414055659,57.65065955571719
14.507493780272489,52.097561171581816,18,51.275222848919384,No,81.38344385794043,38.49763201773093
14.53117487395288,98.42443887971919,8,44.61830016285244,No,59.60080423700184,48.224150876425725
29.762548676280186,89.93570958272872,5,81.76936870827552,Yes,57.30105096484813,60.39650700593864
18.63649969470248,64.64110183504823,17,62.967925866183265,No,96.90320697840656,50.45217765770095
9.759588094659296,98.99851646794252,10,89.30985679512156,No,95.88236389522167,60.30301317052391
18.64514112917504,80.09407948181611,8,79.5706461184462,No,94.37344701064413,50.51772338123169
6.493423794812195,79.12113291036232,9,87.77448703248211,Yes,81.27167250832967,54.44669800617266
7.879092473742709,87.4036589714766,9,56.316762365106925,Yes,90.41341056081392,39.93056943343073
20.43634313683971,90.58848940450687,13,81.54153534766348,Yes,53.451846845568745,46.75278854375652
17.33809253067737,82.82393036657513,5,55.84371908162313,Yes,66.73945209453396,53.32100762152935
36.6789901416559,56.40478731831,17,96.3441087670175,No,65.68515623785781,59.96547099002142
15.133362065548692,66.91337529972492,6,78.18245689200246,Yes,81.78226609763067,49.65509857893033
23.642945660843694,96.40418201630249,17,59.470708010520525,No,67.79788867353203,50.07512081491017
25.658307228861684,61.230780592192595,10,56.17071173753636,No,57.42533908218404,42.06967862155775
1.510683806945012,68.60835119187567,9,51.45559510429861,No,79.82335377067719,38.14649953983563
26.87795750865171,71.6038441472098,15,81.67845753362366,No,90.71919603345407,49.66047751482319
7.943402707920305,71.97024948472261,11,53.12293677987564,Yes,69.10617472299866,38.60849746674374
38.48174238130875,80.64697912472627,7,75.71819595564935,Yes,56.61343575492408,63.65342514744706
6.7978463823714055,97.15379188723537,7,55.878101615521445,Yes,59.83440986564115,56.16086425023366
17.170340825353925,62.034635591625246,14,79.71813668763212,Yes,61.8741652584692,45.51239710770974
4.3286370550671105,56.0750688150459,6,88.89638371243235,Yes,64.99487964972681,46.615181945580254
39.87809582199195,59.873524492996864,17,86.68151458867919,No,82.13975352531546,49.893273594025885
20.58560540291846,94.34624501046348,7,85.6510798558469,Yes,80.04727422688595,64.97031526373246
24.220015675481708,82.2905406327603,14,51.263344341535124,Yes,84.80399307835197,49.0884945625256
3.6159826181486716,64.29533946195801,5,45.30309681907112,Yes,68.12509922657566,38.14485225585851
30.248458345567933,90.79734694843086,9,81.93692970924315,Yes,91.19988259399892,63.60719953280641
9.186318130727845,93.0684998181718,18,62.10083282766108,No,60.204383057788014,56.637752117972866
36.02411728818784,92.3257169345139,19,65.94077358420084,No,73.4520373759077,58.26854220836065
9.000445978798279,95.94632668197772,16,41.86894556760346,No,90.0469360770715,52.90059060514963
8.436821105882997,62.612051008668075,9,55.574586956502955,No,59.00793238663096,37.77651705843464
2.4254370460757,87.75209643731392,16,42.02058423246784,No,55.49315568703915,40.45770877477363
19.41061085928997,73.026974863707,15,92.75114635607486,Yes,94.18419838439948,56.721716446686955
23.02880419724204,92.09992764450308,11,54.60380099311183,No,67.14648313795979,50.248542962195515
3.5626369377057423,86.42453385808065,8,73.44023017438047,No,84.1935062454516,50.38931676239439
31.245577051105414,88.82237232498623,7,42.33875923966782,No,51.267430213196924,52.42619627658218
18.678264555173076,82.80809188405357,5,80.01084347833948,Yes,84.50234442047248,57.97233776703409
21.451220503775623,58.87143847348534,16,59.38164074524563,Yes,65.80506557734853,45.12128017880415
18.1897471305909,77.25134594484692,19,93.87515121745994,No,52.787042679372085,58.495009895180814
16.629759374137713,99.23348697622541,12,93.28709133604215,Yes,80.49063807740585,67.74597499770857
22.825972921020497,96.86940332485594,17,59.51743710170487,Yes,62.04019080365866,51.045600057432814
7.054369591297788,52.158686789850584,7,94.05765374142808,No,69.340362102594,48.558783334973164
8.095197089315574,58.24074078647186,17,99.76946040992672,Yes,54.02904061432568,40.13541507953642
34.609639219527175,56.58643867272809,19,89.52493984743688,Yes,57.35816255474727,57.39987095528007
37.898503023211674,86.29899549926478,6,90.69228086531373,Yes,64.89886177479218,68.77613613312042
15.559063334910364,90.88926649284726,15,54.940524166545394,No,54.48797502800786,40.370723159615665
11.559042252598598,60.675568315533596,8,74.60214393146538,No,95.54131323431577,47.76574373807122
26.115982186321613,75.29263464759146,7,44.03535483804207,No,50.30235215919892,44.52900888553282
16.94063267282576,92.03515140056,17,45.69507620930018,Yes,74.19301094321557,47.15128853580302
1.9900678707534496,86.64007723831253,5,99.93355672199743,No,56.162372906627574,59.145260608352416
7.089951297281424,77.11186027459242,7,59.598354965554655,Yes,65.38395447389743,41.15920933860388
28.922916925048504,79.51738452293864,16,84.89103472293078,Yes,96.30297799091328,58.00100222498824
26.6980337344959,75.418027345814,6,88.39990318160899,Yes,58.08472766369934,57.171549800259754
2.056743707635856,64.87742256594103,12,91.48139626043375,No,98.29161598591662,51.83931383500714
9.656914315385029,78.2510996429508,10,99.85769784412939,No,60.289718849471086,52.63036414276161
10.011917066934785,84.44426510250453,13,54.48978911541207,No,87.07830542334148,54.7756874512881
27.20381700035041,93.66614579304039,12,42.421049611581985,No,77.33386324486558,57.853845094675684
1.7687109724202021,81.8145676989624,14,64.67149107967515,Yes,94.22393637983797,36.717489953918474
5.06023469739838,88.0560768521579,7,47.804840189736815,No,77.69966277515655,43.124516432534705
32.196727329554385,58.003581747728646,9,41.34555334972331,Yes,76.72796095781544,43.41246172510805
7.963241820119011,73.07787372098949,11,61.625609628489165,No,59.772900018419996,45.80787553903139
26.45709820622311,50.46658099135467,9,87.02429506451418,No,58.311468102582936,35.834734121186216
10.289128460822335,62.33394322608115,12,73.97084147350425,No,95.82445755577571,59.93749694602032
4.878214317614461,86.32308575565024,16,58.76667935262124,Yes,66.39190994250171,48.89586879298633
10.483715448978709,99.59049756746816,9,79.26052032956318,Yes,68.6041127481448,57.5275348101475
29.168410342370706,54.958904979360796,5,53.92109081852864,Yes,87.99118292141942,53.64621066869992
34.372162256145145,70.07471579306441,9,40.862886764325104,Yes,66.94117412114036,61.35624466941957
33.378574718112674,90.00354843495798,8,85.86120318618563,Yes,97.60312233195015,71.63878051110662
16.490157655119738,60.20178173144494,10,77.42458509184056,No,86.89638844994002,53.57521892720159
27.0553203262552,77.7542474651143,7,85.7381574700576,Yes,79.871462128671,59.9366301992369
8.994387521217018,86.65356480148374,19,42.336281001259934,Yes,94.04475802723763,46.757927685072936
12.432761480179517,80.79927251300896,15,90.22717766983914,Yes,52.48029541747414,50.12737420166523
35.95709692232367,59.401236730770805,9,77.17157200217821,Yes,62.85313460946044,49.79227769096969
1.5070750169187055,67.76922843428697,6,73.80372104275841,No,73.25181671104549,39.58445391821232
4.334832703324255,89.18958922426987,15,77.47684288687189,Yes,61.34892697357605,43.368291301627735
9.107563950695065,77.71132570660083,10,91.86599481210185,No,87.1952593651076,53.66979093776428
2.034755951078969,50.261480677145634,17,75.21619039353442,No,95.96040155268625,32.10828693141885
8.075981968502095,88.0495380014047,19,74.85702279329075,No,71.18850599654617,52.69009196685357
23.738620877817993,51.76556774701196,16,99.44074942394595,Yes,67.10663000559475,51.44227852036774
17.43555747310742,87.2866891365616,10,85.40381002411408,No,98.07753660687831,60.783421887655535
35.81419673200202,60.124028008261874,9,66.53762832706812,Yes,72.24262164137704,50.28401707473074
32.880298907799194,97.90367400596901,10,82.44382000197567,Yes,74.45242002246417,81.84152961845444
14.330876716217162,68.39703756510423,15,63.353828301507306,Yes,67.58249361709527,52.48105647893068
11.117513903820408,66.34658081690395,11,53.73252774900994,Yes,95.47742365060691,38.42251522103842
15.80800391852341,57.44440251662223,16,75.81111261326556,Yes,78.44777416409254,47.727862698592894
24.021502758077503,65.28021077451075,9,95.69092588683708,No,88.10872935908223,54.10169173417325
11.454481992092173,93.83253809141003,5,95.74837120092776,No,90.59033591754431,55.8678634226628
25.341807406116228,99.81671688136237,12,60.51431668632942,Yes,67.09245209586291,52.193486218087706
16.967054435458376,68.41547652534241,8,71.6606479733017,No,71.684716566019,50.973149436844594
22.52984005322723,72.43053154772713,13,52.69815391419167,Yes,92.42358872031323,47.11618396513082
18.008934636277353,86.10354691013686,18,99.737866569933,No,68.16276758379051,64.63761812004367
12.48416462213479,94.30978902325373,14,98.86707447207614,No,89.69675667259256,66.99860419015671
37.989678971524114,79.6522167093392,16,78.97053578244683,No,97.04961612872185,71.46017729683021
30.780625972230673,69.57628490889147,10,88.2648435806484,No,81.16051865340035,54.69222261265891
6.464413854891649,70.63109204243119,5,82.906009677022,No,87.08136437259444,51.44125958080992
34.870251060018596,84.78090732484034,7,75.5894931423681,Yes,90.25486560205675,66.68802889335034
20.009816731731032,50.16091318021393,7,43.20087981933386,Yes,92.25198244483212,38.54668397958675
35.887536848869566,80.97946687299203,14,67.28586055315967,No,69.7526668928398,55.22243381439698
32.194354981945295,67.77465052206787,16,80.48717813004464,Yes,52.56317295879991,62.61149340016727
17.583326674300103,89.7098665638542,16,80.65189683302108,No,70.09381356183698,58.223530740324485
1.8763030244845784,54.64953199115661,8,62.387357105343014,Yes,83.68781148920449,41.17147213068856
11.478417016012898,79.41011334741953,10,96.50151919948183,No,72.51751928903964,50.85607652029171
22.12373437177381,74.04864449430619,19,50.04142193420686,No,87.44815754301993,43.720764905533784
25.705650573219742,82.11627629526137,11,70.02156677293364,No,67.8491214734332,52.859119747335804
11.057619731894889,53.24267972414842,14,81.45303859304937,Yes,81.73720705520148,44.24007329718251
6.434886888840142,78.99918937140657,8,81.82814835350855,Yes,59.32099024269873,43.25034022784286
33.56227923517267,78.07422939797618,10,78.91833740612893,No,87.46847183224784,61.328471134660575
39.391685047438536,78.03300472080855,15,56.51729280711161,No,77.28479844065129,49.75598790036293
21.501917109804747,80.17438332982275,5,49.37239412119732,Yes,60.203219427330026,42.947645497491834
7.6954921480838365,83.82339686131812,18,78.15641960960265,Yes,64.59555867489036,53.67061194842291
11.619985734255389,90.24944998403848,12,75.95812696836626,Yes,87.43043542909162,58.676450826885585
1.7172363853512027,63.49103600641072,11,50.761360617354455,Yes,74.13006178307603,35.34009983090785
36.65765345585946,91.2524705090031,19,82.3083487342338,Yes,60.80157201965361,59.49180793847207
5.592292232715504,74.91278411317268,15,67.31031950401939,No,98.36355951851488,42.872154222063315
23.48414254505589,53.852913956716556,15,80.06563549618917,Yes,85.75625099084439,48.27194217365303
11.688153606801034,52.92754646219896,13,90.24202478620904,No,97.85674162698982,51.61019695954735
22.612942098115944,66.71191593480305,7,50.183705714615385,No,71.35525226801715,50.87224644613371
26.405395145722704,89.24484885557338,6,41.1486920798102,Yes,73.75501703458602,50.45819415697189
33.35993034458086,85.3840467370458,5,86.7461551837472,Yes,94.89776080925097,60.0307311466967
9.050429598663525,89.43074823362032,7,76.58184550915695,No,76.25246701226924,54.730230301941496
1.4288373176807387,75.86345282208046,9,81.97837417732731,Yes,85.36394559528335,44.14496531556098
6.338539572683484,72.00994989777453,18,90.28929849931856,No,62.6086438747765,45.86586169144111
36.1007270320761,57.372626335314195,15,88.16865608947003,Yes,72.33632343513203,63.14582272701709
35.0817130249381,66.40963768046558,6,97.65520881572948,Yes,56.17249329051776,63.23944474914141
24.299110984642024,71.70096830869376,16,72.1561047311271,Yes,60.299001793848085,52.48092757333243
24.420157556912482,54.43002148398086,7,69.30973795959432,No,50.04717076338155,38.604139130652655
26.936430307303965,61.03059763556056,19,64.1132319934438,Yes,51.963252582433014,48.159705907875114
7.839479866314534,79.91126470318694,19,49.22146257065227,No,98.86419115884647,52.15316944143463
36.66206589107343,86.7831557119595,19,74.35643397292134,Yes,62.117684756838116,59.904660011457615
17.33205047079085,99.91737556964748,8,56.620751459558726,No,83.1655354752001,63.304307148575916
15.9424026017304,96.65566656717789,11,95.27845073277854,Yes,91.95498493998058,70.08857609899032
21.237790506030663,82.12825997675958,17,74.99144825662586,No,77.53302296182821,64.2038503036655
2.831672704227147,71.0624026647036,7,75.57041083048661,No,57.65722500419781,44.857410180275814
7.4850513814870965,81.80886823541164,19,61.2954796526206,No,86.40582186680831,51.37331763945335
29.783311040628448,89.2825809040116,13,43.11936111866245,No,80.01257050497915,62.39416440334071
4.2291480490799325,55.91680954616937,12,41.90462592237932,No,86.56252946736876,37.7408499000404
24.52293226918914,70.4952444848144,8,65.40010864919185,No,88.48733114285436,50.38033055829273
10.568615277571517,91.99011428178086,17,45.07392268583427,Yes,98.77051838423725,48.47360258851414
16.182528947637085,69.1916475966522,5,76.41081733240836,No,78.6781640013355,51.57326049353441
12.259055734057295,78.59361356135932,5,92.85838033837945,No,67.0820556345301,47.30878088342851
14.871235942133016,79.38846804310991,5,92.97488899112332,No,82.42322784501185,55.886040795691066
29.042790302185573,59.22381265668197,5,79.54272460793393,Yes,53.422035462131305,56.11774397683
12.587746909303826,68.11177208261442,12,52.67390988837586,Yes,94.8698659160793,34.534129701962556
23.08978097157899,66.72556443709661,7,91.77980988153232,Yes,55.96905056690984,60.8788592617306
19.565965685764887,51.30983542660324,19,93.16560611879248,No,66.39214189429092,54.103543408990305
26.883175449143277,51.209588194567765,10,51.79921509717752,Yes,90.78726903130604,43.25589348144136
37.536359833665564,91.58485218378868,7,84.24556514624064,Yes,79.8656189165356,70.04262864886357
29.57031179119976,63.65354049864062,15,57.19117293562738,No,69.68177601387211,49.34633768911641
9.382674765039514,75.90393831194078,9,88.15841874117578,No,73.67178296875107,57.673065286901725
2.216142267390102,64.93627867943866,17,99.83427399421616,Yes,92.72736966010902,54.52034798949148
11.228297727693178,97.03396225576702,19,41.80156031976357,No,67.00021930299461,41.66148814614451
24.208039297309938,62.964837943288686,18,93.84195194745593,No,93.48248424060856,59.6256179827835
3.0056067258857637,71.48284063694675,17,77.35783201591948,No,54.406721548834575,42.53119417128945
20.358283640848217,93.63651252423008,19,98.40295714988926,No,88.83992186043153,65.21301368221981
24.27687110775868,92.09667833959043,11,67.90057105158566,Yes,92.37738165273682,56.51674481572234
14.035511741861471,59.305070892313864,6,90.84327583428242,No,59.09088264186694,56.2241547410861
31.065575946087055,90.13216548978552,10,43.743644115896636,Yes,71.51732661861001,60.56665060992369
5.1573318722171,72.90934433689463,17,60.11674300469774,Yes,58.27498873318278,38.08772770434822
3.9303734876965417,74.14844360426775,10,44.0209922650726,Yes,85.33020644971089,34.480848539793385
29.39936149194053,56.67399862079719,15,98.52058800874423,Yes,76.76738840308283,54.21443747018326
20.32416133204174,54.03007568785623,7,89.0184344363102,No,81.76616733541604,52.49150409043375
27.847693460681704,86.39696534868827,10,91.15284527475822,No,59.824348347810556,62.47220009834298
17.958266205546103,74.82305761776499,14,96.27791388603364,No,60.587293102620976,61.210199978857986
10.609679296325165,71.84253513075898,14,45.10620916718712,Yes,52.07486627549532,43.97495932964897
32.94499038929379,86.47541143261984,18,63.1358555508,Yes,66.10337675978649,63.20597350040665
32.177219279790194,88.27564494955548,9,44.26209334264013,Yes,77.98723306668374,57.639000175031306
28.093162363322644,57.94540838346768,16,52.64758609300172,No,92.89674569986644,41.4935855979014
11.613660351968544,80.51125747388207,6,53.76194662226034,Yes,83.34637237293404,46.907375288963
24.018996007894398,56.76770411388428,13,68.14643266285472,No,71.76981616998756,52.744626486436076
15.077981980661045,87.56875430145229,12,56.11373004721855,No,97.65600571970688,53.03255102149127
4.571700859738732,82.84775781335698,7,46.058686409065665,No,85.96226002879159,47.00642281571361
36.77522944302747,97.8307310541729,12,50.04946534564646,No,96.5082601431275,62.126288600674236
6.335926605839495,53.44790081782106,18,48.836533813125456,Yes,76.37939866360828,30.824928273958815
38.059256799011294,52.852736057562716,13,98.3846078747379,No,62.94521373965698,56.43424616555606
18.394225145360274,64.10935373466,18,85.55755041510841,Yes,52.6413343182361,50.51137690855067
